english,فارسی
"SUPPORT, RADIATOR, LOWER",سینی زیر سپر جلو
"SUPPORT SUB-ASSY, RADIATOR, RH", نگهدارنده رادیاتور ( راست)
"CLIP, HOOD SUPPORT ROD",بست میله نگهدارنده درب موتور
REINFORCEMENT FRONT FENDER APRON LH,تقویت‌کننده  گلگیر جلو (چپ)
"PROTECTOR, RADIATOR GRILLE",زه پلاستیکی دور  جلو پنجره 
MOULDING RADIATOR GRILLE SIDE RH,زه کناری جلوپنجره(راست)
MOULDING RADIATOR GRILLE SIDE LH,زه کناری جلوپنجره( چپ)
"MOULDING, RADIATOR GRILLE",پایه زه کناری جلوپنجره (راست)
"MOULDING, BUMPER SIDE, RH",زه روی سپر جلو ( راست)
"MOULDING, BUMPER SIDE, LH",زه روی سپر جلو (چپ)
"SUPPORT SUB-ASSY, RADIATOR, LH", نگهدارنده رادیاتور( چپ)
"SUPPORT SUB-ASSY, HOOD LOCK", نگهدارنده قفل درب موتور
"BRACE SUB-ASSY, HOOD LOCK SUPPORT",دیاق سپر جلو
"BRACE, HOOD LOCK SUPPORT", پایه قفل درب موتور
EXTENSION SUB-ASSY FRONT FENDER APRON RH,نگهدارنده گلگیر جلو (راست)
REINFORCEMENT SUB-ASSY FRONT FENDER APRON REAR RH,تقویت‌کننده   گلگیر عقب (راست)
REINFORCEMENT SUB-ASSY FRONT FENDER APRON REAR LH,تقویت‌کننده گلگیر عقب( چپ)
"LINER, FRONT FENDER, RH",شلگیر چرخ جلو( راست)
"LINER, FRONT FENDER, LH",شلگیر چرخ جلو( چپ)
"PANEL, FRONT FENDER, RH", گلگیر جلو( راست)
"PANEL, FRONT FENDER, LH", گلگیر جلو (چپ)
PROTECTOR FRONT FENDER SIDE PANEL RH,محافظ تقویت کننده  گلگیر جلو (راست)
PROTECTOR FRONT FENDER SIDE PANEL LH,محافظ تقویت کننده  گلگیر جلو (چپ)
"PANEL SUB-ASSY, DASH",عایق پشتی پنل داشبورد
"SUPPORT SUB-ASSY, BRAKE PEDAL", پایه پدال ترمز
"INSULATOR ASSY, DASH PANEL",عايق سيني داشبورد
"INSULATOR, DASH PANEL, OUTER",عایق سینی داشبورد (بیرونی)
"REINFORCEMENT, INSTRUMENT PANEL",اسکلت استخونی پشت داشبورد
"PANEL SUB-ASSY, INSTRUMENT",پوسته داشبورد کامل
"SPACER, INSTRUMENT PANEL",صفحه نگهدارنده پنل داشبورد
"PANEL, INSTRUMENT SIDE, LH",کاور  تزیینی کناری پوسته داشبورد (چپ)
"PANEL, INSTRUMENT SIDE, RH",کاور تزیینی کناری پوسته داشبورد (راست)
"BRACKET, INSTRUMENT PANEL",پایه نگهدارنده داشبورد
"CUSHION, INSTRUMENT PANEL",بالشتک داشبورد
PANEL SUB-ASSY INSTRUMENT CLUSTER FINISH,مجموعه پنل تکمیل خوشه ابزار
PANEL SUB-ASSY INSTRUMENT CLUSTER FINISH LOWER CENTER,پایه  و  قاب دور صفحه كيلومترشمار
GROMMET(FOR VENTILATION SYSTEM),حلقه محافظ روی درب سوپاپ
"SPRING, EXHAUST PIPE",فنر لوله اگزوز
"SPRING, COMPRESSION(FOR INNER)",فنر فشاری سوپاپ های دود و هوا
"SPRING, TENSION",فنر کششی پدال گاز
CUSHION(FOR LUGGAGE COMPARTMENT DOOR PANEL),بالشتک پنل درب محفظه بار
"CUSHION, HOOD BUMPER",پد ضربه گیر درب موتور داخلی
"standard part Cushion, Front Door Panel",قطعه استاندارد بالشتک درب جلو
"SEAL, HOOD TO COWL TOP",لاستیک  دریچه تهویه بالای درب موتور
"SUPPORT ASSY, HOOD",اهرم نگهدارنده درب موتور
"COVER, COWL SIDE PANEL HOLE, RH",درپوش کناری  درچه هوا درب موتور (راست)
"COVER, COWL SIDE PANEL HOLE, LH",درپوش کناری  درچه هوا درب موتور (چپ)
"HOLDER, HOOD STAY",نگهدارنده پایه درب موتور
"LOCK ASSY, HOOD", قفل درب موتور
"LEVER SUB-ASSY, HOOD LOCK CONTROL", اهرم کنترل قفل درب موتور
"CABLE ASSY, HOOD LOCK CONTROL", کابل کنترل قفل درب موتور
"RETAINER, FRONT FENDER LINER",خار نگهدارنده  گلگیر جلو
GARNISH SUB-ASSY INSTRUMENT PANEL ,پنل تزیینی روی داشبورد(زیری دریچه های هوا)
PANEL INSTRUMENT FINISH LOWER,پنل روکش داشبورد ( پایین)
PANEL INSTRUMENT CLUSTER FINISH ,قاب بیرونی دور صفحه کیلوکتر شمار(روی داشبورد)
PANEL INSTRUMENT CLUSTER FINISH CENTER UPPER,کاوربالایی روی صفحه کیلومتر شمار (روی داشبورد)
PANEL INSTRUMENT FINISH LOWER ,پنل تکمیل ابزار پایینی 
PANEL INSTRUMENT FINISH LOWER CENTER,پنل روکش داشبورد - مرکزی پایین
"BOX, INSTRUMENT PANEL COIN",جعبه سکه پنل ابزار
"BEZEL, INSTRUMENT PANEL COIN BOX",قاب جعبه سکه پنل ابزار
"SPRING, INSTRUMENT PANEL BOX",فنر جعبه پنل ابزار
GARNISH ASSY INSTRUMENT CLUSTER FINISH PANEL,پنل میانی داشبورد ( راست)
"ORNAMEN,T INSTRUMENT CLUSTER FINISH PANEL",براکت پایین سیستم صوتی و تصویری
GARNISH INSTRUMENT CLUSTER FINISH PANEL,قطعه تزئینی داشبورد میانی کنار جا لیوانی
GARNISH INSTRUMENT CLUSTER FINISH PANEL ,پنل تزئینی میانی داشبورد
"DOOR, GLOVE COMPARTMENT, OUTER",درب داشبورد
ARM GLOVE COMPARTMENT DOOR CHECK RH,اهرم باز کننده درب داشبورد( راست)
CUSHION GLOVE COMPARTMENT DOOR CHECK,ضربگیر درب داشبورد
"LOCK ASSY, GLOVE COMPARTMENT DOOR",دستگیره درب داشبورد
ARM GLOVE COMPARTMENT DOOR CHECK LH,اهرم باز کننده درب داشبورد (چپ)
COVER SUB-ASSY INSTRUMENT PANEL UNDER ,کاور زیر داشبورد (راست)
"HOLDER, INSTRUMENT PANEL CUP",پنل نگهدارنده لیوان  سمت راننده
REGISTER ASSY INSTRUMENT PANEL ,دریچه تهویه سمت راننده
REGISTER ASSY INSTRUMENT PANEL CENTER,دریچه تهویه وسط
"PANEL, COWL TOP, OUTER",پنل زیر شیشه جلو بیرونی
"PANEL SUB-ASSY, COWL TOP, INNER",پنل زیر شیشه جلو داخلی
LOUVER SUB-ASSY COWL TOP VENTILATOR, دریچه تهویه بالای درب موتور
BOLT(FOR CYLINDER HEAD SET),پیچ سرسیلندر
BOLT(FOR CRANKSHAFT BEARING CAP SET),پیچ کپه یاتاقان میل لنگ
"LOCK, VALVE SPRING RETAINER",قفل نگهدارنده  برگشت فنر سوپاپ ها
"PANEL, COWL TOP SIDE, INNER RH",راهنمای آب بندی درب موتور (راست)
"PANEL, COWL TOP SIDE, INNER LH",راهنمای آب بندی درب موتور (چپ)
MEMBER SUB-ASSY FRONT SIDE OUTER RH,سر شاسی بیرونی (راست)
MEMBER SUB-ASSY FRONT SIDE OUTER LH,سر شاسی بیرونی (چپ)
BRACKET SUB-ASSY REAR FLOOR MOUNTING RH,سر شاسی عقب (راست)
MEMBER SUB-ASSY FRONT FLOOR CROSS RH,مجموعه رام کف جلو (راست)
"PLUG, SPARK",شمع موتور
"COIL ASSY, IGNITION",کویل
"SENSOR, CRANK POSITION",سنسور موقعیت میل لنگ
"SENSOR, CAM POSITION",سنسور موقعیت میل سوپاپ
MEMBER SUB-ASSY FRONT FLOOR CROSS LH,مجموعه رام کف جلو (چپ)
RETAINER CENTER FLOOR CROSSMEMBER,مجموعه نگهدارنده کف مرکزی
"MEMBER, REAR FLOOR CROSS, FRONT",رام عرضی کف شاسی جلو
MEMBER SUB-ASSY REAR FLOOR CROSS CENTER,رام عرضی کف شاسی مرکزی
"NUT, HUB (FOR AXLE)",مهره هاب محور
"CAP, TIRE VALVE",درپوش سوپاپ لاستیک
"PLUG, HOLE",درپوش سوراخ کف
CLAMP (FOR LUGGAGE DOOR LOCK CONTROL CABLE),خار  سیم قفل درب ها
BULB (FOR LICENSE PLATE LAMP),لامپ پلاک
"BULB, BACK UP LAMP",لامپ چراغ دنده عقب
"BULB, ROOM LAMP",لامپ اتاق
BULB (FOR CENTER STOP LAMP),لامپ استپ مرکزی
"MEMBER SUB-ASSY, FRONT SIDE, RH",سر شاسی داخلی (راست)
"MEMBER SUB-ASSY, FRONT SIDE, LH",سر شاسی داخلی (چپ)
PLATE SUB-ASSY FRONT SIDE MEMBER RH,پالونی چرخ جلو (راست)
PLATE SUB-ASSY FRONT SIDE MEMBER LH,پالونی چرخ جلو (چپ)
BRACKET SUB-ASSY FRONT SUSPENSION MEMBER MOUNTING REAR RH,نگهدارنده شاسی اتاق و موتور (راست)
BRACKET SUB-ASSY FRONT SUSPENSION MEMBER MOUNTING REAR LH,نگهدارنده شاسی اتاق و موتور جلو (چپ)
"MEMBER, FRONT SIDE, RH",سر شاسی بدون متعلقات (راست)
"MEMBER, FRONT SIDE, LH",سر شاسی بدون متعلقات  جلو (چپ)
"MEMBER, FLOOR SIDE, INNER LH",شاسی طولی کف اتاق (چپ)
MEMBER SUB-ASSY MAIN FLOOR SIDE RH,شاسی کف اتاق جلو (راست)
MEMBER SUB-ASSY MAIN FLOOR SIDE LH,شاسی کف اتاق جلو (چپ)
"MEMBER, FLOOR SIDE, INNER RH",شاسی طولی کف اتاق(راست)
"REINFORCEMENT, FRONT FLOOR UNDER",تقویت کننده کف اتاق جلو (راست)
REINFORCEMENT FRONT FLOOR UNDER LH,تقویت کننده کف اتاق جلو (چپ)
"MEMBER, FRONT FLOOR CROSS",شاسی عرضی کف اتاق جلو
MEMBER SUB-ASSY REAR FLOOR SIDE RH,شاسی عقب(راست)
MEMBER SUB-ASSY REAR FLOOR SIDE LH,شاسی عقب (چپ)
MEMBER SUB-ASSY REAR FLOOR CROSS ,تقویت کننده عرضی کف اتاق عقب 
EXTENSION REAR FLOOR SIDE MEMBER LH,قسمت دوم سر شاسی عقب (چپ)
"MEMBER, REAR FLOOR CROSS",رام کف صندوق عقب
REINFORCEMENT SUB-ASSY BELT ANCHOR RH,تقویت کننده کف شاسی (راست)
REINFORCEMENT SUB-ASSY BELT ANCHOR LH,تقویت کننده کف شاسی عقب  (چپ)
PANEL SUB-ASSY FRONT FLOOR SIDE RH,شاسی کف اتاق جلو (راست)
PANEL SUB-ASSY FRONT FLOOR SIDE LH,شاسی کف اتاق جلو (چپ)
RETAINER SUB-ASSY SEAT RAIL REAR RH,شاسی ریل صندلی عقب (راست)
BRACKET SUB-ASSY FRONT SEAT MOUNTING OUTSIDE LH,شاسی ریل صندلی عقب (چپ)
"PAN, FRONT FLOOR",سینی شاسی کف جلو
"BRACKET, FLOOR PANEL",پایه نگهدارنده پنل کف
"PAN, CENTER FLOOR",سینی کف شاسی مرکزی
"REINFORCEMENT, CENTER FLOOR PANEL",پنل تقویت کننده شاسی مرکزی
REINFORCEMENT CENTER FLOOR,پایه نگهدارنده پنل تقویت کننده شاسی مرکزی
"PANEL SUB-ASSY, BODY LOWER BACK",شاسی  دیاق عقب 
"PAN, REAR FLOOR",سینی شاسی کف عقب
EXTENSION REAR FLOOR SIDE PANEL RH,امتداد پنل کناری کف عقب (راست)
EXTENSION REAR FLOOR SIDE PANEL LH,امتداد پنل کناری کف عقب (چپ)
"BRACKET, SPARE WHEEL CLAMP",پایه گیره زاپاس
"BRACKET, REAR BUMPER COVER",کاور پایه سپر عقب
"PANEL SUB-ASSY, CONSOLE, LOWER",مجموعه پنل پایینی کنسول 
"BOX ASSY, CONSOLE",مجموعه جعبه کنسول
"BOX, CONSOLE, LOWER",باکس کنار کنسول (راست)
"CARPET, CONSOLE BOX",لاستیک کف کنسول وسط
"INSERT, CONSOLE BOX, FRONT ",درب جلویی کنسول وسط شماره 2
"PANEL, CONSOLE, UPPER",قاب کنسول قسمت شیفتر دنده
"BOX, CONSOLE COMPARTMENT",محفظه جلویی کنسول وسط
"POCKET, CONSOLE BOX",پنل بالایی جعبه جلویی کنسول
GARNISH CONSOLE UPPER PANEL ,پنل کناری بالای کنسول
standard part Fusible Link,قطعه استاندارد فیوز لینک (فیوز قطع‌کننده)
"COVER ASSY, SHIFTING HOLE",مجموعه چرم اهرم  دنده
"BEZEL, SHIFTING HOLE",قاب اهرم دنده
"REGISTER ASSY, CONSOLE BOX",دریچه عقب کنسول 
"DUCT, CONSOLE BOX",کانال دریچه عقب کنسول
DOOR SUB-ASSY CONSOLE COMPARTMENT,مجموعه درب کنسول
LOCK SUB-ASSY CONSOLE COMPARTMENT DOOR,قفل درب کنسول
"PANEL, REAR CONSOLE, UPPER",پنل زیر ترمز دستی روی کنسول
"PANEL, CONSOLE REAR END",پنل عقب کنسول وسط
"COVER, CONSOLE, REAR",کاور کنسول عقب
"CUSHION, CONSOLE COMPARTMENT DOOR",ضربه‌گیر درب محفظه کنسول
"RETAINER, CONSOLE BOX",نگهدارنده جعبه کنسول
BRACKET CONSOLE BOX MOUNTING REAR,پایه نصب کنسول قسمت عقب
BRACKET CONSOLE BOX MOUNTING ,پایه نصب کنسول قسمت عقب بالایی
PILLAR SUB-ASSY FRONT BODY INNER RH,قسمت میانی ستون جلو (راست)
REINFORCEMENT SUB-ASSY CENTER BODY PILLAR RH,تقویتی ستون مرکزی (راست)
TROUGH SUB-ASSY LUGGAGE DOOR OPENING FRONT RH,ناودان محفظه موتور (راست)
REINFORCEMENT SUB-ASSY FRONT PILLAR LOWER RH,تقویتی ستون جلو (راست)
"PILLAR, FRONT BODY, OUTER RH",ستون جلو بیرونی (راست)
RAIL SUB-ASSY ROOF SIDE INNER RH,تقویتی کناری سقفی (راست)
RAIL SUB-ASSY ROOF SIDE INNER REAR RH,ریل کناری سقف داخلی عقب (راست)
"RAIL ASSY, ROOF SIDE, RH",ریل کناری سقف (راست)
"RAIL, ROOF SIDE, OUTER RH",قسمت بیرونی ستون وسط (راست)
PILLAR SUB-ASSY CENTER BODY INNER RH,قسمت داخلی ستون جلو (راست)
REINFORCE SUB-ASSY ROCKER OUTER RH,تقویتی رکاب سمت (راست)
"PANEL SUB-ASSY, QUARTER, RH",پوسته گلگیر عقب (راست)
PANEL SUB-ASSY QUARTER WHEEL HOUSE INNER RH,قسمت بیرونی محفظه چرخ عقب (راست)
PANEL QUARTER WHEEL HOUSE OUTER RH,قسمت داخلی محفظه چرخ عقب (راست)
"BRACE, QUARTER WHEEL HOUSE, RH",نگهدارنده محفظه چرخ عقب (راست)
"PANEL, ROOF SIDE, INNER RH",پنل داخلی سقف عقب (راست)
"PANEL, ROOF SIDE, INNER FRONT RH",پنل داخلی سقف عقب جلو (راست)
"PANEL, ROOF SIDE, INNER REAR RH",پنل داخلی سقف عقب عقب (راست)
REINFORCEMENT ROOF SIDE INNER RH,تقویت‌کننده کناری سقف داخلی (راست)
"BRACKET, QUARTER INNER PANEL",پایه پنل داخلی
FRAME BACK DOOR OPENING UPPER CORNER RH,نگهدارنده گوشه بالایی  درب عقب (راست)
COVER ROOF SIDE INNER SERVICE HOLE,کاور حفره کناری سقف داخلی
standard part Instrument Panel Fusible Link,قطعه استاندارد دستگاه فیوز لینک پنل
"standard part Fuse MINI, FuseI Block","قطعه استاندارد فیوز مینی، بلوک فیوز"
"LINER, REAR WHEEL HOUSE, RH",محفظه پلاستیکی پشت چرخ عفب (راست)
"CLAMP, BACK DOOR LOCK LINK",بست قفل درب جلو
"LAMP ASSY, ROOM",چراغ  سوم ترمز عقب (داخلی)
"COVER, OUTER MIRROR, LH",قاب پشت آینه بغل چپ
"GASKET KIT, ENGINE OVERHAUL",واشر کامل
"GASKET KIT, ENGINE VALVE GRIND",واشر کامل سوپاپ موتور
"MOULDING, REAR BUMPER SIDE, RH",درپوش گوشه  سپر عقب( راست)
"MOULDING, REAR BUMPER SIDE, LH",درپوش گوشه  سپر عقب(چپ)
"DUCT, COOL AIR INTAKE",دریچه کناری ورودی هوا پشت سپر جلو
"standard part Fuse MINI , Fuse Block","قطعه استاندارد فیوز مینی، بلوک فیوز"
"standard part Fuse mini, Fuse Block","قطعه استاندارد فیوز مینی، بلوک فیوز"
BOOT KIT FRONT DRIVE SHAFT OUTBOARD JOINT RH,گردگیر پلوس  جلو راست(سمت چرخ)
"CLAMP KIT, FRONT DRIVE SHAFT, RH",کیت بست پلوس جلو( راست)
BOOT KIT FRONT DRIVE SHAFT INBOARD JOINT RH,کیت گردگیر پلوس جلو ر است(سمت گیربکس )
"PAD KIT, DISC BRAKE, FRONT",کیت لنت دیسک ترمز جلو
"CYLINDER KIT, DISC BRAKE, FRONT",کیت تعمیر سیلندر ترمز(کالیپر ترمز)
"SHOE KIT, REAR BRAKE", کفشک ترمز عقب
"standard part Fuse min i, Fuse Block","قطعه استاندارد فیوز مینی، بلوک فیوز"
"RELAY ASSY, STARTER",رله استارتر
"CUP KIT, REAR WHEEL CYLINDER",درپوش های  سیلندر چرخ عقب
SPRING KIT REAR BRAKE SHOE HOLD DOWN,کیت فنر نگهدارنده کفشک ترمز عقب
"SPRING KIT, REAR BRAKE",مجموعه فنر ترمز عقب کامل
"STRUT KIT, REAR BRAKE",فنرهای اتصال کفشک های ترمز عقب
"SHIM KIT, ANTI SQUEAL, FRONT",کیت پد صداگیر روی لنت جلو
"FITTING KIT, DISC BRAKE, FRONT",فنرهای نگهدارنده لنت جلو
"PLUG KIT, REAR BRAKE",درپوش های  کفشک  ترمز عقب
JACK ASSY,مجموعه جک زاپاس
"HANDLE, JACK",میل اهرم جک
"COVER, JACK",کاور جک
standard part(HOOK ASSY-rear),قطعه استاندارد مجموعه قلاب عقب
"BAG, TOOL",کیف ابزار
SPANNER,آچار تخت
"WRENCH, HUB NUT BOX",آچار چرخ
"HEAD SUB-ASSY, CYLINDER",سرسیلندر
"HOUSING SUB-ASSY, CAMSHAFT",پوسته روی میل لنگ
"GASKET, CYLINDER HEAD",واشر سرسیلندر
"standard part Bolt, Flange",قطعه استاندارد پیچ فلنجی
"BUSH, EXHAUST VALVE GUIDE",بوش شیر ورودی هوا(داخل موتور)
"SEAT, INTAKE VALVE",واشر سوپاپ هوا
"SEAT, EXHAUST VALVE",واشر سوپاپ دود
GASKET CAMSHAFT BEARING CAP OIL HOLE,واشر روغن میل سوپاپ
"COVER SUB-ASSY, CYLINDER HEAD",درب سوپاپ با واشر
"GASKET, CYLINDER HEAD COVER",واشر درب سوپاپ
COVER SUB-ASSY TIMING CHAIN OR BELT,مجموعه کامل پوسته زنجیر تایم (شامل زنجیر تایم+ سفت کن زنجیر تایم)
"COVER, FLYWHEEL HOUSING SIDE",درپوش هوزینگ فلایول
"BLOCK ASSY, SHORT",نیم موتور(  شامل پوسته موتور+میل لنگ +یاتاقان+پیستون+شاتون)
"BLOCK SUB-ASSY, CYLINDER",بلوک سیلندر
SPACER CYLINDER BLOCK WATER JACKET,قاب مجرای آب بدنه سیلندر
"GUIDE, OIL LEVEL GAGE",لوله گیج روغن
"BEARING, CRANKSHAFT",یاتاقان میل لنگ
"standard part  Bolt, Flange",قطعه استاندارد پیچ فلنجی
"WASHER, CRANKSHAFT THRUST, UPPER",بغل یاتاقان (بالایی)
"PAN SUB-ASSY, OIL",کارتل موتور
"PLATE, OIL PAN BAFFLE",صفحه درپوش بافل کارتل موتور
"CAP SUB-ASSY, OIL FILLER",درب محفظه روغن موتور
"VALVE SUB-ASSY, VENTILATION",شیر سوپاپ تهویه هوا موتور
"PIPE, VENTILATION", لوله رابط خرطومی مخزن فیلتر هوا
"HOSE, VENTILATION",شیلنگ تهویه روی درب سوپاپ به منیفولد
"HANGER, ENGINE",قلاب موتور 
INSULATOR SUB-ASSY ENGINE MOUNTING RH,پایه لرزش گیر  موتور (راست)
INSULATOR SUB-ASSY ENGINE MOUNTING LH,پایه لرزش گیر  موتور(چپ)
ROD SUB-ASSY ENGINE MOVING CONTROL, میله کنترلی حرکت موتور(پایه محرک موتور)
BRACKET ENGINE MOUNTING REAR ,نگهدارنده عقب پایه موتور(بدنه)
"COVER, ENGINE",کاور  پلاستیکی روی موتور 
"JOINT, ENGINE COVER",پیچ اتصال کاور  روی موتور
"RING SET, PISTON",مجموعه رینگ پیستون
"BEARING, CONNECTING ROD",یاتاقان شاتون
"GEAR ASSY, CAMSHAFT TIMING",مجموعه چرخ دنده تایمینگ میل سوپاپ
GEAR ASSY CAMSHAFT TIMING EXHAUST,مجموعه چرخ دنده تایمینگ میل سوپاپ دود
"PISTON SUB-ASSY, W/PIN",پیستون (با پین)
"ROD SUB-ASSY, CONNECTING",شاتون
"PIN, PISTON",پین پیستون
"BOLT, CONNECTING ROD",پیچ شاتون
CRANKSHAFT,میل لنگ
"standard partBOLT, STABILIZER REAR BAR",قطعه استاندارد پیچ میله تعادل (میل ضدغلطش) عقب
"standard part Bolt, w/Washer","قطعه استاندارد  پیچ، همراه با واشر"
"PULLEY, CRANKSHAFT",پولی  سر میل لنگ
CAMSHAFT,میل سوپاپ هوا (ورودی)
CHAIN SUB-ASSY,زنجیر تایم
GEAR OR SPROCKET CRANKSHAFT TIMING,چرخ دنده تایمر میل لنگ
"TENSIONER ASSY, CHAIN",تسمه سفت کن
"DAMPER, CHAIN VIBRATION",پایه  لرزه‌گیر زنجیر  تایم
"GUIDE, TIMING CHAIN",راهنمای زنجیر تایم
"ARM, TIMING CHAIN TENSION",راهنما  زنجیر تایم(بازوی کششی)
"VALVE, INTAKE",سوپاپ هوا
"VALVE, EXHAUST",سوپاپ دود
"CAP, VALVE STEM",درپوش ساق سوپاپ
"SEAT, VALVE SPRING",واشر سر سوپاپ دود و هوا
"RETAINER, VALVE SPRING",نگهدارنده  سر فنر سوپاپ دود و هوا
"ADJUSTER ASSY, VALVE LASH", تنظیم کننده لقی  سر سوپاپ دود و هوا
"ARM SUB-ASSY, VALVE ROCKER",بازویی تنظیم کننده لقی  سر سوپاپ دود و هوا(درپوش)
"STRAINER SUB-ASSY, OIL",صافی روغن گیربکس
RING O(FOR COOLER REFRIGERANT DISCHARGE HOSE),اورینگ شلنگ تخلیه کولر
"standard part Ring, O",قطعه استاندارد رینگ او
"RING, O(FOR SUCTION HOSE)",اورینگ شلنگ مکش
"standard part  Ring, O",قطعه استاندارد رینگ او
"RING, O(FOR LIQUID TUBE)",واشر اورینگی لوله روغن
"GAGE SUB-ASSY, OIL LEVEL",میله اندازه گیری روغن
standard part Upper Quarter Trim Bolt,"قطعه استاندارد پیچ پانل داخلی یک‌چهارم بالایی (ستون C)
"
standard part BOLT,قطعه استاندارد پیچ
standard part BOLT(Stay Mount Bolt),قطعه استاندارد پیچ پایه نگهدارنده
BOLT FRONT SUSPENSION MEMBER MOUNTING,پیچ  پایه نگهدارنده مخزن باک
standard part Ignition Switch Screw w/Washer,قطعه استاندارد پیچ سوئیچ احتراق همراه واشر
"standard part  Screw, Tapping",قطعه استاندارد پیچ خودکار
"standard part Screw, Tapping","قطعه استاندارد  پیچ پان، خودکار (خود-رزوه‌شونده)"
"standard part Screw, Tapping GRILLE","قطعه استاندارد پیچ خودکار (خود-رزوه‌شونده) گریل (شبکه جلو)
"
"standard part Screw, Tapping Column Cover Screw","قطعه استاندارد پیچ خودکار (خود-رزوه‌شونده) پوشش ستون فرمان
"
"NUT, BOOSTER SLEEVE CYLINDER",مهره اتصال سیلندر بوستر
standard part Nut (For Transmission Control Cable),قطعه استاندارد مهره (مخصوص کابل کنترل گیربکس)
"standard part Nut, Lock",قطعه استاندارد مهره قفل‌شونده
NUT(FOR REAR SUPPORT TO SHOCK ABSORBER RH),مهره پایه کمک‌فنر عقب (راست)
CLAMP(FOR AIR CLEANER HOSE ),بست نگهدارنده  خرطومی فیلتر هوا 
"CLIP, HOSE",بست شیلنگ
"CLIP, RADIATOR HOSE",بست شیلنگ رادیاتور 
CLAMP,بست
CONNECTOR SUB-ASSY TRANS SOLENOID,سوکت  سلونوئید گیربکس  اتومات
VALVE ASSY CAM TIMING OIL CONTROL,شیر کنترل روغن  سوپاپ 
VALVE ASSY CAMSHAFT TIMING OIL CONTROL,شیر کنترل روغن میل لنگ
"FILTER SUB-ASSY, OIL", فیلتر روغن
"FILTER, OIL CONTROL VALVE",فیلتر شیر کنترل روغن (انتهای  کارتل موتور)
"NOZZLE SUB-ASSY, OIL",نازل روغن
WATER INLET SUB-ASSY W/THERMOSTAT,رابط  اتصال ترموستات به رادیاتور
"PUMP ASSY, ENGINE WATER",واتر پمپ موتور
GASKET,واشر
"HOSE, WATER BY-PASS",رابط بین ترموستات  آب رادیاتور
"PIPE, WATER BY-PASS",لوله برگشت  آب رادیاتور
"GASKET, WATER PUMP",واشر پمپ آب
"GASKET, WATER INLET HOUSING",واشر پوسته ورودی آب
"FAN ASSY, W/MOTOR",مجموعه فن رادیاتور
FAN,پره  فن رادیاتور
"MOTOR, COOLING FAN",موتور فن رادیاتور
RADIATOR ASSY,رادیاتور آب
"CAP SUB-ASSY, RADIATOR",درب  رادیاتور
"PLUG, RADIATOR DRAIN COCK",پیچ تخلیه آب رادیاتور
"TANK ASSY, RADIATOR RESERVE",مجموعه مخزن آب رادیاتور
"CAP, RESERVE TANK",درب مخزن آب رادیاتور
HOSE(FOR RADIATOR RESERVE TANK),شیلنگ رابط  درب مخزن  رادیاتور به رادیاتور
HOSE OR PIPE(FOR RADIATOR RESERVE TANK),شیلنگ یا لوله مخزن آب رادیاتور
PACKING(FOR RADIATOR DRAIN COCK),پکینگ شیر تخلیه رادیاتور
"HOSE, RADIATOR",شیلنگ بالای رادیاتور آب
"BRACKET, WATER HOSE CLAMP",پایه بست شیلنگ آب 
"BRACKET, RADIATOR RESERVE TANK",پایه نگهدارنده مخزن ذخیره آب رادیاتور
"TENSIONER ASSY, V-RIBBED BELT",تسمه سفت کن
"SHROUD, FAN",کاور فن رادیاتور
"LABEL, COOLING FAN CAUTION",برچسب احتیاط فن 
"STAY, MANIFOLD",پایه نگهدارنده منیفولد
"MANIFOLD, INTAKE",منیفولد ورودی هوا
INSULATOR EXHAUST MANIFOLD HEAT ,عایق حرارتگیر  منیفولد 
"GASKET, EXHAUST MANIFOLD TO HEAD",واشر منیفولد اگزوز به سرسیلندر
GASKET INTAKE MANIFOLD TO HEAD ,واشر منیفولد هوا به سرسیلندر 
"PIPE ASSY, EXHAUST, FRONT",لوله اگزوز( جلویی)
"PIPE ASSY, EXHAUST, TAIL", لوله اگزوز (انتهایی)
"GASKET, EXHAUST PIPE",واشر لوله اگزوز
"SUPPORT, EXHAUST PIPE",پایه لوله اگزوز 
"VALVE ASSY, PURGE CONTROL",شیر تخلیه بخار بنزین
"CLEANER ASSY, AIR", فیلتر هوا
"CASE SUB-ASSY, AIR CLEANER",محفظه پایینی فیلتر هوا
"CAP, AIR CLEANER",درپوش بالایی فیلتر هوا
"INLET, AIR CLEANER",لوله ورودی فیلتر هوا 
"BRACKET, AIR CLEANER",نگهدارنده فیلتر هوا
ELEMENT SUB-ASSY AIR CLEANER FILTER,فیلتر هوای موتور
"HOSE, AIR CLEANER",خرطومی فیلتر هوا 
"ENGINE ASSY, PARTIAL(2NRVE..NGC102)",موتور کامل مدل(2NRVE..NGC102)
"COVER, COMPUTER",درپوش محاظ ECU
"standard part COVER, DUST",قطعه استاندارد کاور گرد و غبار
standard part BUSH,قطعه استاندارد آستین محافظ
standard part CLIP,قطعه استاندارد گیره
standard part,قطعه استاندارد
"standard part  Bolt, Stud",قطعه استاندارد پیچ ستونی
BODY ASSY THROTTLE W/THROTTLE POSITION SENSOR,دریچه گاز کامل( با سنسور موقعیت دریچه)
"METER SUB-ASSY, INTAKE AIR FLOW",مجموعه کنتور جریان هوای ورودی
"GASKET, THROTTLE BODY",واشر بدنه دریچه گاز
"FILTER, FUEL PUMP",فیلتر پمپ سوخت
"INJECTOR ASSY, FUEL", انژکتور سوخت
"PUMP ASSY, FUEL W/MOTOR & BRACKET", پمپ سوخت کامل 
"PUMP ASSY, FUEL W/FILTER",پمپ سوخت کامل به همراه فیلتر
"INSULATOR, INJECTOR VIBRATION",عایق لرزه‌گیر انژکتور
"PIPE, FUEL DELIVERY",لوله جریان سوخت
"HOSE, FUEL VAPOR FEED",شیلنگ تغذیه بخار سوخت
"CLAMP, FUEL PIPE(FOR EFI)",بست لوله سوخت  (برای انژکتور)
SPACER(FOR DELIVERY PIPE),پایه  لوله جریان سوخت
"TUBE SUB-ASSY, FUEL",لوله سوخت
CONVERTER SUB-ASSY EXHAUST MANIFOLD,منیفولد دود 
VALVE ASSY VACUUM SWITCHING ,شیر برقی کنیستر 
"COVER, ALTERNATOR REAR END",درپوش دینام (عقب)
"ALTERNATOR ASSY, W/REGULATOR",دینام کامل
"ROTOR ASSY, ALTERNATOR",آلترناتور دینام
"HOLDER ASSY, ALTERNATOR BRUSH", نگهدارنده زغال دینام
"PULLEY, ALTERNATOR",پولی دینام
"PACKING, ALTERNATOR BEARING COVER", کاور یاتاقان دینام
"REGULATOR ASSY, GENERATOR", رگولاتور  دینام
CLUTCH SUB-ASSY STARTER CENTER BEARING, کلاچ یاتاقان  استارت
STARTER ASSY, استارتر
"HOUSING ASSY, STARTER DRIVE",هوزینگ استارت
"YOKE ASSY, STARTER",پوسته دور آرمیچر استارت
FRAME ASSY STARTER COMMUTATOR END,درپوش استارتر (عقب)
"HOLDER ASSY, STARTER BRUSH", نگهدارنده زغال استارت
"ARMATURE ASSY, STARTER", آرمیچر استارت
"STARTER KIT, REPAIR SERVICE",کیت تعمیر استارت
BATTERY,باتری 35 آمپر
"SENSOR ASSY, BATTERY CURRENT",سنسور وضعیت شارژ باتری (منفی)
TRANSAXLE ASSY CONTINUOUSLY VARIABLE,گیربکس (بدون توربین)
standard part Hose Tube To Tube,"قطعه استاندارد اتصال لوله به لوله
"
"CONVERTER ASSY, TORQUE",توربین گیربکس
"GEAR SUB-ASSY, DRIVE PLATE & RING",مجموعه چرخ دنده صفحه محرک و رینگ
"standard part PLATE, CENTERING",قطعه استاندارد صفحه مرکزگذار
"MAGNET, OIL CLEANER(CVT)",آهنربا تمیزکننده روغن (گیربکس CVT)
"COOLER ASSY, TRANSMISSION OIL",خنک کن روغن گیربکس
"KNOB SUB-ASSY, SHIFT LEVER",سردنده
"BRACKET, CONTROL CABLE",پایه کابل کنترل
"FLOOR SHIFT ASSY, TRANSMISSION",مجموعه شیفت کف گیربکس
"COVER, SHIFT LOCK RELEASE BUTTON",کاور دکمه آزادسازی قفل تعویض دنده
"BUTTON, SHIFT LOCK RELEASE",دکمه آزادسازی قفل تعویض دنده
CLAMP  (FOR TRANSMISSION CONTROL CABLE),بست کابل کنترل گیربکس
"LABEL, CAUTION",لیبل احتیاط
"CABLE ASSY, TRANSMISSION CONTROL", کابل کنترل گیربکس
CLIP TRANSMISSION CONTROL CABLE ADJUST,بست تنظیم کابل کنترل گیربکس
"SPRING, SHIFT LOCK RELEASE",فنر آزادسازی قفل تعویض دنده
GAGE SUB-ASSY TRANSMISSION OIL LEVEL, گیج سطح روغن گیربکس
"PLUG, BREATHER(CVT)",درپوش تنفسی (گیربکس CVT)
"standard part GASKET, TRANSAXLE CA",قطعه استاندارد واشر (گسکت) پوسته ترنزکسل
"PAN SUB-ASSY, TRANSAXLE OIL(CVT)", کارتل گیربکس CVT
"GASKET, TRANSAXLE OIL PAN(CVT)",واشر کارتل روغن گیربکس CVT
"CLAMP, VALVE BODY WIRE HARNESS",بست دسته‌سیم بدنه سوپاپ
"standard part STRAINER, LUBRICATIO",قطعه استاندارد صافی (فیلتر) روغن‌کاری
"BODY ASSY, TRANSMISSION VALVE",ساعت گیربکس
"PLATE, CONTROL POSITION INDICATOR",كاور نمايشگر دسته دنده
"BULB, POSITION INDICATOR LAMP",لامپ نمايشگر دسته دنده
"HUB & BEARING ASSY, REAR AXLE, RH, LH",توپی چرخ عقب (چپ و راست)
"DRUM SUB-ASSY, REAR BRAKE",دیسک چرخ عقب 
"CAP, WHEEL",درپوش چرخ(رینگ)
VALVE SUB-ASSY TIRE PRESSURE MONITOR, سوپاپ سنسور فشار لاستیک
"WHEEL, DISC",رینگ چرخ
"standard part Washer, Tire Valve",قطعه استاندارد واشر سوپاپ تایر (واشر شیر لاستیک)
"standard part Nut, Tire Valve",قطعه استاندارد مهره سوپاپ تایر (مهره شیر لاستیک)
"LABEL, TIRE PRESSURE INFORMATION","برچسب، اطلاعات فشار باد لاستیک"
"KNUCKLE, STEERING, RH",سگدست چرخ عقب (راست)
"KNUCKLE, STEERING, LH",سگدست چرخ عقب (چپ)
"JOINT SET, FRONT AXLE INBOARD, RH",کله پلوس جلو(راست)
"SHAFT ASSY, FRONT DRIVE, RH",پلوس جلو  کامل ( راست)
SHAFT ASSY FRONT DRIVE OUTBOARD JOINT RH,پلوس جلو  بیرونی(راست)
SHAFT ASSY FRONT DRIVE OUTBOARD JOINT LH,پلوس جلو  بیرونی(چپ)
"SHAFT ASSY, FRONT DRIVE, LH",پلوس جلو  کامل ( چپ)
RING SHAFT SNAP (FOR FRONT DRIVE INNER RH),خار رینگی پلوس داخلی جلو (راست)
"HUB SUB-ASSY, FRONT AXLE, RH",توپی چرخ جلو (چپ و راست)
"DISC, FRONT RH",دیسک چرخ جلو (راست)
BEARING (FOR FRONT AXLE HUB RH),بلبرینگ دیسک چرخ جلو (راست)
"ACTUATOR ASSY, BRAKE",بلوک ABS
"COLLAR, BRAKE ACTUATOR CASE","پیچ ,پایه نگهدارنده بلوک ABS"
"CUSHION, BRAKE ACTUATOR BRACKET","مهره ,پایه نگهدارنده بلوک ABS"
"BRACKET, BRAKE ACTUATOR",پایه نگهدارنده بلوک ABS
"BOOSTER ASSY, BRAKE",مجموعه بوستر ترمز
"SEAL, BOOSTER",کاسه نمد بوستر
"HOSE ASSY, VACUUM",شيلنگ وكيوم بوستر ترمز
BRACKET ASSY STEERING COLUMN UPPER W/SWITCH,نگهدارنده قاب بالایی تلسکوپی فرمان(با سوییچ)
"END SUB-ASSY, TIE ROD, RH",سیبک  فرمان (راست)
"END SUB-ASSY, TIE ROD, LH",سیبک  فرمان (چپ)
"WHEEL SUB-ASSY, STEERING",غربیلک فرمان (بدون متعلقات)
"ORNAMENT, STEERING WHEEL",قاب تزئيني روي غربیلک فرمان
"BUTTON ASSY, HORN",دکمه بوق روی غربیلک فرمان
"SHAFT ASSY, STEERING INTERMEDIATE",اهرم  شفت میانی تلسکوپی فرمان
"COVER, DUST",کاور گردگیر (اهرم  شفت میانی تلسکوپی فرمان)
"TUBE SET, STEERING COLUMN",تلسكوپي فرمان(بدون اهرم  شفت میانی)
"SHIELD, STEERING COLUMN HOLE",محافظ پایینی کاور گردگیر تلسکوپی فرمان
"HOUSING, STEERING COLUMN",واشر نگهدارنده ستون فرمان
"COVER, STEERING COLUMN, UPR",درپوش تزیینی تلسکوپی فرمان(بالایی)
"COVER, STEERING COLUMN, LWR",درپوش تزیینی تلسکوپی فرمان(پایینی)
"END SUB-ASSY, STEERING RACK",میل فرمان(قرقری فرمان)
"GEAR ASSY, STEERING",جعبه فرمان
"BOOT, STEERING RACK",گردگیر جعبه فرمان 
"standard part  CLIP, STEERING RACK","قطعه استاندارد کلیپس (بست) دنده شانه فرمان (رک فرمان)
"
CLAMP(FOR STEERING RACK BOOT),بست گردگیر ریل فرمان 
"BOLT, STEERING LOCK SET",پیچ مجموعه قفل فرمان
"LEVER ASSY, PARKING BRAKE",اهرم ترمز دستي(تفنگی)
"SUPPORT, PARKING BRAKE CENTER",پایه  نگهدارنده مرکزی ترمز دستی
"CABLE ASSY, PARKING BRAKE", کابل  ترمز دستی کوتاه (شماره 1) 
"PLATE, PARKING BRAKE MOUNTING",واشر پایه نگدارنده ترمز دستی
"standard part PLATE, PARKING BRAKE",قطعه استاندارد صفحه ترمز دستی (صفحه ترمز پارک)
PLATE SUB-ASSY BRAKE BACKING REAR RH,نگهدارنده توپی چرخ عقب( راست)
PLATE SUB-ASSY BRAKE BACKING REAR LH,نگهدارنده توپی چرخ عقب( چپ)
"PEDAL SUB-ASSY, BRAKE", پدال ترمز
"PAD, BRAKE PEDAL",لاستیک روی پدال ترمز
"CYLINDER SUB-ASSY, BRAKE MASTER",مخزن و متعلقعات سیلندر ترمز
RESERVOIR ASSY BRAKE MASTER CYLINDER, مخزن روغن بوستر ترمز
CAP ASSY BRAKE MASTER CYLINDER RESERVOIR FILLER,درب مخزن روغن بوستر ترمز
GROMMET MASTER CYLINDER RESERVOIR,واشر مخزن سیلندر ترمز
CLEVIS BRAKE MASTER CYLINDER PUSH ROD,گیره اتصال مخزن بوستر به بوستر ترمز
"GASKET, BRAKE BOOSTER",واشر بوستر ترمز
STRAINER BRAKE MASTER CYLINDER RESERVOIR,صافی مخزن سیلندر ترمز
"TUBE, FRONT BRAKE",لوله ترمز 
"TUBE, REAR BRAKE",لوله ترمز عقب 
"BRACKET, FLEXIBLE HOSE",بست نگهدارنده شیلنگ های ترمز
"CLAMP, BRAKE TUBE",بست لوله ترمز 
standard part Gasket,"قطعه استاندارد واشر (گسکت)
"
PLUG BLEEDER(FOR FRONT DISC BRAKE),پولک تخلیه دیسک ترمز جلو
"standard part Cap, BLEEDER Plug","قطعه استاندارد درپوش (کاور) پیچ هواگیری (پیچ بلیدر)
"
CAP BLEEDER PLUG(FOR FRONT DISC BRAKE),درپوش پولک تخلیه ( دیسک ترمز جلو)
CYLINDER ASSY REAR WHEEL BRAKE(FOR RH FRONT OR UPPER), سیلندر ترمز چرخ عقب راست (جلو یا بالایی)
CYLINDER ASSY REAR WHEEL BRAKE(FOR LH FRONT OR UPPER), سیلندر ترمز چرخ عقب چپ (جلو یا بالایی)
LEVER SUB-ASSY PARKING BRAKE SHOE RH(FOR REAR BRAKE), اهرم کفشک ترمز پارکینگ راست (برای ترمز عقب)
LEVER SUB-ASSY PARKING BRAKE SHOE LH (FOR REAR BRAKE), اهرم کفشک ترمز پارکینگ چپ (برای ترمز عقب)
LEVER REAR BRAKE AUTOMATIC ADJUST RH,اهرم تنظیم خودکار ترمز عقب راست
LEVER REAR BRAKE AUTOMATIC ADJUST LH,اهرم تنظیم خودکار ترمز عقب چپ
"standard part PIN, CYLINDER SLIDE","قطعه استاندارد  پین سیلندر لغزشی (پین استاپ سیلندر ترمز)
"
BOLT(FOR FRONT DISC BRAKE CYLINDER),پیچ سیلندر دیسک ترمز جلو
CYLINDER ASSY FRONT DISC BRAKE RH,مجموعه سیلندر دیسک چرخ جلو (راست)
"standard part PISTON, DISC BRAKE",قطعه استاندارد پیستون ترمز دیسکی
"CYLINDER ASSY, DISC BRAKE, LH",مجموعه سیلندر دیسک چرخ جلو (چپ)
BUSH CYLINDER SLIDE FOR FRONT DISC BRAKE,بوش لغزنده سیلندر (برای دیسک ترمز  چرخ جلو)
"COVER, DISC BRAKE DUST, FRONT RH",گردگیر دیسک ترمز چرخ جلو(راست)
"COVER, DISC BRAKE DUST, FRONT LH",گردگیر دیسک ترمز چرخ جلو(چپ)
"SEAT SUB-ASSY, FRONT SPRING",کاپ سر کمک فنر جلو 
ARM SUB-ASSY FRONT SUSPENSION LOWER RH,طبق زیر جلو  (راست)
ARM SUB-ASSY FRONT SUSPENSION LOWER LH,طبق زیر جلو  (چپ)
"SPRING, FRONT COIL, RH",فنرلول کمک جلو (راست)
INSULATOR FRONT COIL SPRING UPPER RH,توپي بالاي كمك فنر جلو ( چپ و  راست)
"SPRING, COIL, REAR RH",فنر لول کمک فنر عقب(چپ و راست)
"BUMPER, FRONT SPRING, RH",ضربه‌گیر فنر جلو (راست)
"BUMPER, REAR SPRING RH",کمک فنر عقب (چپ و  راست)
"SEAT, REAR SPRING, UPPER RH",واشر بالای فنر لول کمک عقب  (راست)
"SEAT, REAR SPRING, LOWER",واشر پایینی فنر لول کمک عقب  
"ABSORBER SET, SHOCK, FRONT RH", کمک ‌فنر جلو (راست)
"ABSORBER SET, SHOCK, FRONT LH", کمک ‌فنر جلو( چپ)
"ABSORBER SET, SHOCK, REAR RH",  کمک ‌فنر عقب (راست)
SUPPORT SUB-ASSY FRONT SUSPENSION RH,درپوش روی کمک جلو ( چپ و  راست)
SUPPORT FRONT SUSPENSION RH,پایه تعلیق جلو  (راست)
COVER FRONT SUSPENSION SUPPORT DUST RH,درپوش  گردگیر  پایه طبق جلو (راست)
"ARM ASSY, REAR SUSPENSION",طبق عقب
"SUPPORT ASSY, REAR SUSPENSION, RH",بست کمک فنر عقب(چپ و راست)
"standard part SUPPORT, RR SUSPENSI","قطعه استاندارد پایه (ساپورت) تعلیق عقب
"
"BAR, STABILIZER, FRONT",میله تعادل جلو
"BUSH, FRONT STABILIZER BAR, RH",لاستیک چاکدار میل تعادل جلو(چپ و راست)
"LINK ASSY, FRONT STABILIZER, RH",ميل موجگير جلو (چپ و راست)
BRACKET FRONT STABILIZER RH,نگهدارنده لاستیک چاکدار ميل تعادل(چپ و راست)
"HOOK, TRANSPORT, REAR",قلاب  یدک کش عقب
CROSSMEMBER SUB-ASSY FRONT SUSPENSION,رام جلو
"COVER, ENGINE UNDER",سینی زیر موتور
"COVER, ENGINE UNDER, RH",سینی زیر موتور (راست)
"COVER, ENGINE UNDER, LH",سینی زیر موتور ()چپ
"COVER, ENGINE UNDER,CENTER",سینی زیر موتور  (قسمت جلو)
"CARRIER ASSY, SPARE WHEEL",پیچ نگهدارنده چرخ زاپاس
"HOOK ASSY, FRONT",قلاب جلو( جز مجموعه زاپاس)
"PAD SUB-ASSY, REAR BUMPER",فوم زیر سپر عقب
"COVER, FRONT BUMPER", سپر جلو
"COVER, FRONT BUMPER HOLE, RH",دریچه هوا سپر جلو( راست)
"COVER, FRONT BUMPER HOLE, LH",دریچه هوا سپر جلو( چپ)
"ARM, FRONT BUMPER, RH",بازویی  (نگهدارنده)سپر جلو (راست)
"COVER, REAR BUMPER",پوسته سپر عقب
"CLIP, REAR WHEEL HOUSE LINER",خار فشاری سپر عقب
"standard part Piece, Front Bumper",قطعه استاندارد قطعه سپر جلو
"COVER, REAR BUMPER, LOWER",رفلکتور سپر عقب(زیر سپر)
"PAD, REAR BUMPER",پد ضربه گیر سپر عقب
"RETAINER, FRONT BUMPER SIDE, RH",نگهدارنده کناری سپر جلو - راست
"RETAINER, FRONT BUMPER SIDE, LH",نگهدارنده کناری سپر جلو ( چپ)
"SEAL, FRONT BUMPER SIDE, RH",زه کناری سپر جلو( راست)
"RETAINER, REAR BUMPER SIDE, RH",نگهدارنده کناری سپر عقب (راست)
"RETAINER, REAR BUMPER SIDE, LH",نگهدارنده کناری سپر عقب ( چپ)
"GRILLE, RADIATOR, OUTSIDE",جلوپنجره (بیرونی)
"GRILLE, RADIATOR",جلوپنجره 
"GRILLE, RADIATOR, INNER",جلوپنجره (داخلی)
"standard part Protector, Radiator Grille",قطعه استاندارد محافظ شبکه رادیاتور (محافظ گریل)
"COVER, RADIATOR",سینی بالای رادیاتور
"CLIP, RADIATOR GRILLE GARNISH",بست تزئینی جلوپنجره 
"CLIP, RADIATOR GRILLE",خار شبکه رادیاتور
"GUIDE, RADIATOR GRILLE AIR",دریچه هوای جلو پنجره
"SUPPORT, RADIATOR, UPPER RH",پایه بالایی رادیاتور (راست)
"SUPPORT, RADIATOR, UPPER LH",پایه بالایی رادیاتور (چپ)
"SUPPORT, RADIATOR, UPPER",پایه بالایی رادیاتور
"BRACKET, HEADLAMP, RH",پایه نگهدارنده  چراغ جلو( راست)
"BRACKET, HEADLAMP, LH",پایه نگهدارنده چراغ جلو (چپ)
HOOD SUB-ASSY,درب موتور
"CLIP, HOOD MOULDING",بست درب موتور
"HINGE ASSY, HOOD, RH",لولای درب موتور (راست)
PAD FRONT WHEEL OPENING EXTENSION RH,خار شلگیر چرخ جلو( راست)
PAD FRONT WHEEL OPENING EXTENSION LH,خار شلگیر چرخ جلو( چپ)
"standard part Retainer, Front Fender",قطعه استاندارد گهدارنده (رتینر) گلگیر جلو
BRACKET FRONT FENDER MOUNTING RH,نگهدارنده گلگیر جلو (راست)
BRACKET FRONT FENDER MOUNTING LH,نگهدارنده  گلگیر جلو (چپ)
"PAD, DASH PANEL INSULATOR",پد عایق پنل داشبورد 
"BASE, SWITCH HOLE",دریچه روی داشبورد
PAD INSTRUMENT PANEL SAFETY,پد ایمنی پنل ابزار پشت داشبورد
"COVER, INSTRUMENT, LWR",کاور ابزار پایینی
"COVER, SPARE SWITCH HOLE",درپوش تنظیم  دریچه هوای داشبورد
"INSULATOR, HOOD",نمد زیر درب موتور
"HINGE ASSY, HOOD, LH",لولای درب موتور (چپ)
"BRACE SUB-ASSY, REAR SUSPENSION",پیچ نگهدارنده طبق عقب
DUCT SUB-ASSY HEATER TO REGISTER CENTER,مجموعه داکت بخاری به دریچه (پشت داشبورد)
"SEAL, AIR DUCT, CENTER",واشر دور  کانال  هوا (وسط)
"SEAL, AIR DUCT",عایق دور کانال هوا
"CONTROL ASSY, HEATER",یونیت بخاری
"NOZZLE ASSY, DEFROSTER",دریچه بخارگیر شیشه جلو
"DUCT, SIDE DEFROSTER NOZZLE",دریچه بخارگیر شیشه درب جلو
"SEAL, DEFROSTER NOZZLE",کاسه نمد کانال هوا
"standard part SEAL, DEFROSTER NOZZ",قطعه استاندارد درزگیر نازل یخ‌زدای
"SEAL, DEFROSTER NOZZLE,",کاسه نمد کانال هوا
"GLASS, WINDSHIELD",شیشه جلو
"STOPPER, BACK WINDOW GLASS",پایه نگهدارنده شیشه درب صندوق
"STOPPER, WINDSHIELD GLASS",ضربه گیر شیشه  عقب
"DAM, WINDOW GLASS ADHESIVE",نوار چسب شیشه پنجره
"standard part BRACKET, FR FLOOR HO","قطعه استاندارد براکت (پایه) کف خودرو (جلو)
"
"standard part INSULATOR, FR FLOOR",قطعه استاندارد عایق کف خودرو (جلو)
"standard part RETAINER, FR FLOOR",قطعه استاندارد نگهدارنده (رتینر) کف خودرو (جلو)
"COVER, REAR FLOOR SERVICE HOLE",درپوش سینی زیر موتور (عقب)
"PLATE, REAR FLOOR FINISH",پوشش پلاستیکی کف صندوق عقب
"CARPET ASSY, FLOOR, FRONT",موکت نمدی کف ( جلو)
"HOOK, FLOOR CARPET",قلاب موکت کف 
"SILENCER, FRONT FLOOR",عایق صدا گیر کف اتاق جلو
"COVER, PARKING BRAKE HOLE",خار نگهدارنده ترمز پارکینگ
PILLAR SUB-ASSY FRONT BODY INNER LH,تقویت کننده ستون بدنه داخلی ( چپ)
REINFORCEMENT SUB-ASSY CENTER BODY PILLAR LH,تقویت کننده فلزی ستون وسط (چپ)
TROUGH SUB-ASSY LUGGAGE DOOR OPENING FRONT LH,سینی جلو دهانه صندوق عقب
REINFORCE SUB-ASSY FRONT BODY PILLAR LOWER LH,براکت پایینی ستون  جلو (چپ )
"PILLAR, FRONT BODY, OUTER LH",پوسته ستون جلو بیرونی(چپ)
RAIL SUB-ASSY ROOF SIDE INNER LH,ریل تقویت کننده داخلی سقف (جلو _چپ)
RAIL SUB-ASSY ROOF SIDE INNER REAR LH,ریل تقویت کننده داخلی سقف (عقب _چپ)
"RAIL, ROOF SIDE, OUTER LH",ریل بیرونی سقف( چپ)
"RAIL ASSY, ROOF SIDE, LH",نگهدارنده گلگیر جلو( چپ)
PILLAR SUB-ASSY CENTER BODY INNER LH,ستون وسط داخلی( چپ)
REINFORCE SUB-ASSY ROCKER OUTER LH,براکت نگهدارنده رکاب به شاسی (چپ)
"PANEL SUB-ASSY, QUARTER, LH",گلگیر عقب (چپ)
PANEL SUB-ASSY QUARTER WHEEL HOUSE INNER LH,شلگیر فلزی داخل گلگیر عقب چپ(جلو_چپ)
PANEL QUARTER WHEEL HOUSE OUTER LH,لبه (داسی) بیرونی دور چرخ عقب (چپ)
"BRACE, QUARTER WHEEL HOUSE, LH",نگهدارنده گلگیر عقب (چپ)
GUSSET QUARTER WHEEL HOUSE REAR RH,تقویت کننده گلگیر عقب (راست)
GUSSET QUARTER WHEEL HOUSE REAR LH,تقویت کننده گلگیر عقب (چپ)
"PANEL, ROOF SIDE, INNER LH",پنل داخلی (سینی) گلگیر عقب (چپ)
"PANEL, ROOF SIDE, INNER FRONT LH",پنل داخلی(سینی) کناری سقف  جلو( چپ)
"PANEL, ROOF SIDE, INNER REAR LH",پنل داخلی (سینی) گلگیر عقب قسمت انتهایی (چپ)
REINFORCEMENT ROOF SIDE INNER LH,تقویت‌کننده کناری سقف داخلی( چپ)
FRAME BACK DOOR OPENING UPPER CORNER LH,لبه فلزی دور درب صندوق روی بدنه (چپ)
"BOARD, COWL SIDE TRIM, RH",قاب پلاستیکی  رکاب داخلی(راست)
"BOARD, COWL SIDE TRIM, LH",قاب پلاستیکی  رکاب داخلی (چپ)
"GARNISH, FRONT PILLAR, RH",زه تزیینی روی درب جلو راست(کنار شیشه جلو)
"GARNISH, FRONT PILLAR, LH",زه تزیینی روی درب جلو ( چپ)
"TRIM, FRONT DOOR OPENING, LH",لاستیک دور درب جلو (چپ)
"TRIM, REAR DOOR OPENING, LH",لاستیک دور درب جلو (چپ)
"GARNISH, CENTER PILLAR, UPPER RH", زه تزئینی  داخلی ستون وسط بالا( راست)
"GARNISH, CENTER PILLAR, UPPER LH", زه تزئینی  داخلی ستون وسط بالا( چپ)
"GARNISH, CENTER PILLAR, LOWER RH", زه تزئینی  داخلی ستون وسط پایین( راست)
"GARNISH, CENTER PILLAR, LOWER LH", زه تزئینی داخلی ستون وسط پایین( چپ)
"GARNISH, ROOF SIDE, INNER RH",نگهدارنده داخلی  قاب تزیینی  روی درب عقب راست(کنار گلگیر)
"GARNISH, ROOF SIDE, INNER LH",نگهدارنده داخلی(کنار گلگیر)  قاب تزیینی  روی درب عقب  (چپ)
"COVER, REAR SEAT SIDE, RH",قاب کنار صندلی عقب(راست)
"COVER, REAR SEAT SIDE, LH",قاب کنار صندلی عقب (چپ)
"WINDOW ASSY, QUARTER, RH",شیشه مثلثی روی گلگیر عقب (راست)
"WINDOW ASSY, QUARTER, LH",شیشه مثلثی روی گلگیر عقب( چپ)
"DUCT ASSY, QUARTER VENT, LH",دریچه‌ی تهویه‌ی مرکزی( چپ)
REINFORCEMENT SUB-ASSY ROOF PANEL REAR,نگهدارنده تقویتی عقب  سقف 
"PANEL, ROOF",پوسته سقف
"REINFORCEMENT, ROOF PANEL",تقویت کننده  پوسته سقف جلو(داخلی)
"PANEL, WINDSHIELD HEADER, INNER",نگهدارنده داخلی زیر نمد سقف (قسمت آفتابگیر)
"REINFORCEMENT, ROOF PANEL, CENTER",نگهدارنده تقویتی وسطی  سقف 
"BRACKET, ROOM LAMP",پایه لامپ اتاق
"HEADLINING, ROOF",نمدی سقف
"PAD, ROOF SILENCER",عایق صداگیر سقف
"PAD, ROOF SILENCER, REAR",عایق صداگیر سقف عقب
"PANEL SUB-ASSY, UPPER BACK",شاسی طاقچه عقب
SUPPORT LUGGAGE COMPARTMENT DOOR TORSION BAR,کلیپر میله پیچشی درب صندوق عقب
"PANEL, ROOM PARTITION",براکت نگهدارنده اتصال بدنه طاقچه به اتاق
"PANEL, ROOM PARTITION, LH",براکت نگهدارنده اتصال بدنه طاقچه به اتاق (چپ)
"PANEL, ROOM PARTITION RH",سینی پشت صندلی عقب (راست)
"PANEL, ROOM PARTITION LH",سینی پشت صندلی عقب (چپ)
"COVER, ROOM PARTITION",کاور جداکننده صندوق
REINFORCE SUB-ASSY PACKAGE TRAY BRACKET RH,نگهدارنده  پایه گلگیر عقب راست (داخلی)
REINFORCE SUB-ASSY PACKAGE TRAY BRACKET LH,براکت نگهدارنده سینی زیر گلگیر عقب (چپ)
"PANEL ASSY, PACKAGE TRAY TRIM",طاقچه عقب
COVER CHILD RESTRAINT SEAT TETHER ANCHOR,درپوش  روی پیچ نگهدارنده صندلی کودک
"PAD, PACKAGE TRAY TRIM SILENCER",عایق صداگیر طاقچه عقب
"SUPPORT, PACKAGE TRAY TRIM",پایه نگهدارنده قاب ستون عقب
PANEL SUB-ASSY LUGGAGE COMPARTMENT DOOR,درب صندوق عقب
WEATHERSTRIP LUGGAGE COMPARTMENT DOOR,نوار آب‌بندی درب صندوق روی بدنه
ARM SUB-ASSY LUGGAGE COMPARTMENT DOOR HINGE LH,بازویی لولای درب صندوق عقب (چپ)
BAR LUGGAGE DOOR HINGE TORSION RH,میله بازکننده درب صندوق عقب (راست)
BAR LUGGAGE DOOR HINGE TORSION LH,میله بازکننده درب صندوق عقب (چپ)
"standard part Pin, Luggage Door Hinge",قطعه استاندارد  پین لولای در صندوق عقب
LOCK ASSY LUGGAGE COMPARTMENT DOOR,مکانیزم  قفل درب صندوق
LEVER SUB-ASSY LUGGAGE DOOR LOCK OPEN,اهرم مکانیزم درب صندوق
CABLE SUB-ASSY LUGGAGE DOOR LOCK CONTROL,کابل قفل دربازکن صندوق عقب
STRIKER LUGGAGE COMPARTMENT DOOR LOCK,ضربه گیر قفل درب صندوق عقب
"GROMMET, LUGGAGE DOOR LOCK OPENER",خار بازکن قفل درب بار
"COVER, LUGGAGE COMPARTMENT DOOR",قاب داخلی روی درب صندوق عقب
COVER LUGGAGE COMPARTMENT TRIM INNER RH,فریم داخلی(کنار) صندوق عقب (راست)
COVER LUGGAGE COMPARTMENT TRIM INNER LH,فریم داخلی(کنار) صندوق عقب( چپ)
CLIP(FOR LUGGAGE COMPARTMENT TRIM INNER COVER),بست کاور داخلی تریم صندوق
"COVER ASSY, SPARE WHEEL",نمد پوششی کاور چرخ زاپاس
"STOPPER, SPARE WHEEL COVER",پیچ  کاور چرخ زاپاس
"standard part STOPPER, SPARE WHEEL",قطعه استاندارد نگهدارنده (استاپر) چرخ یدکی
"GLASS, BACK WINDOW",شیشه عقب
"DAM, BACK WINDOW GLASS ADHESIVE",نوار چسب شیشه پنجره عقب
"PLATE, REAR WHEEL HOUSE, FRONT RH",کاور تزیینی ستون عقب( راست)
"PLATE, REAR WHEEL HOUSE, FRONT LH",کاور تزیینی ستون عقب( چپ)
"LINER, REAR WHEEL HOUSE, LH",شلگیر  گلگیر عقب قسمت انتهایی (چپ)
"SPACER, SIDE RAIL, FRONT RH",براکت نگهدارنده  جلوی سقف (راست)
"SPACER, SIDE RAIL, REAR RH",براکت نگهدارنده  جلوی سقف (راست)
"SPACER, SIDE RAIL, FRONT LH",براکت نگهدارنده  جلوی سقف (چپ)
"SPACER, SIDE RAIL, REAR LH",براکت نگهدارنده  جلوی سقف (چپ)
"PANEL SUB-ASSY, FRONT DOOR, RH",درب جلو بدون تودری(راست)
"PANEL SUB-ASSY, FRONT DOOR, LH",درب جلو بدون تودری(چپ)
"PANEL SUB-ASSY, REAR DOOR, RH",درب عقب  بدون تودری(راست)
"PANEL SUB-ASSY, REAR DOOR, LH",درب عقب  بدون تودری(چپ)
"PANEL, FRONT DOOR, OUTER RH",بدنه بیرونی درب جلو  (راست)
"PANEL, FRONT DOOR, OUTER LH",بدنه بیرونی درب جلو  (چپ)
"PANEL, REAR DOOR, OUTER RH",بدنه بیرونی درب عقب(راست)
"PANEL, REAR DOOR, OUTER LH",بدنه بیرونی درب عقب (چپ) 
FRAME SUB-ASSY FRONT DOOR REAR LOWER RH,لبه فلزی پایینی درب جلو (راست)
FRAME SUB-ASSY FRONT DOOR REAR LOWER LH,لبه فلزی پایینی درب جلو (چپ)
GUIDE SUB-ASSY REAR DOOR WINDOW FRONT RH,"مجموعه راهنما، شیشه بالابر درب عقب و جلو (راست)"
GUIDE SUB-ASSY REAR DOOR WINDOW FRONT LH,"مجموعه راهنما، شیشه بالابر درب عقب و جلو( چپ)"
BAR SUB-ASSY REAR DOOR WINDOW DIVISION RH,ستون  وسط شیشه درب عقب داخل((راست)
BAR SUB-ASSY REAR DOOR WINDOW DIVISION LH,ستون  وسط شیشه درب عقب چپ(داخلی)
GARNISH REAR DOOR GUIDE BRACKET RH,قاب مثلثی روی درب عقب داخل(راست)
GARNISH REAR DOOR GUIDE BRACKET LH,قاب مثلثی روی درب عقب چپ(داخلی)
GARNISH FRONT DOOR LOWER FRAME BRACKET RH,قاب تزیینی پایین فریم درب جلو(راست)
GARNISH FRONT DOOR LOWER FRAME BRACKET LH,قاب تزیینی پایین فریم درب جلو(چپ)
BOARD SUB-ASSY FRONT DOOR TRIM RH,تودری درب جلو (راست)
BOARD SUB-ASSY FRONT DOOR TRIM LH,تودری درب جلو( چپ)
BOARD SUB-ASSY REAR DOOR TRIM RH,تودری درب عقب (راست)
BOARD SUB-ASSY REAR DOOR TRIM LH,تودری درب عقب( چپ)
"standard part  CLIP, DOOR TRIM MOUL",قطعه استاندارد کلیپ نصب پنل تزئینی درب
COVER FRONT DOOR SERVICE HOLE RH,طلق پلاستیکی پشت رودری(راست)
COVER FRONT DOOR SERVICE HOLE LH,طلق پلاستیکی پشت رودری( چپ)
"SEAL, FRONT DOOR DUST PROOF;SEAL, REAR DOOR DUST PROOF",لاستیک  دور درب جلو
"COVER, REAR DOOR SERVICE HOLE, RH",طلق محافظ پشت رودری درب عقب (راست)
"COVER, REAR DOOR SERVICE HOLE, LH",طلق محافظ پشت رودری درب عقب( چپ)
"WEATHERSTRIP, FRONT DOOR, RH",نوار آب‌بندی درب جلو (راست)
"WEATHERSTRIP, FRONT DOOR, LH",نوار آب‌بندی درب جلو  (چپ)
RETAINER FRONT DOOR WEATHERSTRIP LH,نوار آب بندی درب جلو (چپ)
RETAINER REAR DOOR WEATHERSTRIP LH,نوار آب بندی درب عقب (چپ)
RETAINER FRONT DOOR WEATHERSTRIP RH,نوار آب بندی درب جلو (راست)
RETAINER REAR DOOR WEATHERSTRIP RH,نوار آب بندی درب عقب (راست)
"WEATHERSTRIP, REAR DOOR, RH",نوار آب‌بندی درب عقب (راست)
"WEATHERSTRIP, REAR DOOR, LH",نوار آب‌بندی درب عقب  (چپ)
"PLATE, FRONT DOOR SCUFF, RH",پوشش پلاستیکی روی رکاب جلو (راست)
"PLATE, FRONT DOOR SCUFF, LH",پوشش پلاستیکی روی رکاب جلو( چپ)
"PLATE, REAR DOOR SCUFF, RH",پوشش پلاستیکی روی رکاب عقب( راست)
"PLATE, REAR DOOR SCUFF, LH",پوشش پلاستیکی روی رکاب عقب( چپ)
"CLAMP, DOOR SCUFF PLATE",بست درب
"GLASS SUB-ASSY, FRONT DOOR, RH",شیشه درب جلو (راست)
"GLASS SUB-ASSY, FRONT DOOR, LH",شیشه درب جلو (چپ)
"GLASS SUB-ASSY, REAR DOOR, RH",شیشه درب عقب (راست)
"GLASS SUB-ASSY, REAR DOOR, LH",شیشه درب عقب (چپ)
"RUN, FRONT DOOR GLASS, RH",قاب تزیینی دور شیشه  درب جلو بیرونی(راست)
"RUN, REAR DOOR GLASS, RH",قاب تزیینی دور شیشه  درب عقب بیرونی(راست)
"RUN, FRONT DOOR GLASS",ریل شیشه درب جلو
"RUN, REAR DOOR GLASS",ریل شیشه درب عقب (چپ)
"RUN, FRONT DOOR GLASS, LH",قاب تزیینی دور شیشه  درب جلو (چپ)
"RUN, REAR DOOR GLASS, LH",قاب تزیینی دور شیشه  درب عقب( چپ)
WEATHERSTRIP FRONT DOOR GLASS OUTER,نوار آب‌بندی شیشه درب جلو بیرونی
WEATHERSTRIP ASSY FRONT DOOR GLASS OUTER LH,مجموعه نوار آب‌بندی شیشه درب جلو بیرونی( چپ)
WEATHERSTRIP REAR DOOR GLASS OUTER,نوار آب‌بندی شیشه درب عقب بیرونی
WEATHERSTRIP ASSY REAR DOOR GLASS OUTER LH,مجموعه نوار آب‌بندی شیشه درب عقب بیرونی( چپ)
WEATHERSTRIP FRONT DOOR GLASS INNER RH,نوار آب‌بندی شیشه داخلی درب جلو - (راست)
WEATHERSTRIP FRONT DOOR GLASS INNER LH,نوار آب‌بندی شیشه داخلی درب جلو( چپ)
WEATHERSTRIP REAR DOOR GLASS INNER RH,نوار آب‌بندی شیشه داخلی درب عقب(راست)
WEATHERSTRIP REAR DOOR GLASS INNER LH,نوار آب‌بندی شیشه داخلی درب عقب(  چپ)
"CHECK ASSY, FRONT DOOR, LH",لولای درب جلو( چپ)
"CHECK ASSY, REAR DOOR, LH",لولای درب عقب( چپ)
"HINGE ASSY, FRONT DOOR, LOWER LH", لولای درب جلو بالا (چپ)
"HINGE ASSY, FRONT DOOR, LOWER RH", لولای درب جلو بالا (راست)
"HINGE ASSY, REAR DOOR, LOWER LH", لولای درب عقب بالا( چپ)
"HINGE ASSY, REAR DOOR, LOWER RH", لولای درب عقب بالا (راست)
"CYLINDER SET, LOCK",مجموعه قفل و کلید درب ها و استارت
"CYLINDER & KEY SET, DOOR LOCK, RH",قفل  و کلید  درب جلو  (راست)
"CYLINDER & KEY SET, DOOR LOCK, LH",قفل  و کلید  درب جلو  (چپ)
HANDLE ASSY FRONT DOOR OUTSIDE RH, دستگیره بیرونی درب جلو  (راست)
HANDLE ASSY FRONT DOOR OUTSIDE LH, دستگیره بیرونی درب جلو ( چپ)
HANDLE ASSY REAR DOOR OUTSIDE RH, دستگیره بیرونی درب عقب (راست)
HANDLE ASSY REAR DOOR OUTSIDE LH, دستگیره بیرونی درب عقب  (چپ)
HANDLE SUB-ASSY FRONT DOOR INSIDE RH,دستگیره درب باز کن درب جلو داخلی (راست)
BEZEL FRONT DOOR INSIDE HANDLE RH,قاب دستگیره داخلی   درب جلو (راست)
BEZEL FRONT DOOR INSIDE HANDLE LH,قاب دستگیره  داخلی درب جلو (چپ)
HANDLE SUB-ASSY FRONT DOOR INSIDE LH,دستگیره درب باز کن  داخلی درب جلو (چپ)
"LOCK ASSY, FRONT DOOR, RH",مکانیزم قفل درب جلو (راست)
"ROD, FRONT DOOR LOCK OPEN, RH",میله باز کردن قفل درب جلو(راست)
"ROD, FRONT DOOR LOCK OPEN, LH",میله باز کردن قفل درب جلو (چپ)
"LOCK ASSY, FRONT DOOR, LH",مکانیزم قفل درب جلو( چپ)
"LOCK ASSY, REAR DOOR, RH",مکانیزم قفل درب جلو (راست)
"ROD, REAR DOOR LOCK OPEN, RH",میله باز کردن قفل درب عقب( راست)
"ROD, REAR DOOR LOCK OPEN, LH",میله باز کردن قفل درب عقب( چپ)
"LOCK ASSY, REAR DOOR, LH",مکانیزم قفل درب جلو (چپ)
PLATE ASSY FRONT DOOR LOCK STRIKER,قلاب قفل درب جلو
CABLE ASSY FRONT DOOR LOCK REMOTE CONTROL LH,سیم موتور شیشه بالابر درب جلو (چپ)
LINK FRONT DOOR LOCK REMOTE CONTROL RH,میله اتصال دستگیره به قفل درب جلو (راست)
LINK FRONT DOOR LOCK REMOTE CONTROL LH,میله اتصال دستگیره به قفل درب جلو (چپ)
CABLE ASSY REAR DOOR LOCK REMOTE CONTROL LH,سیم موتور شیشه بالابر درب عقب(چپ)
"CLAMP, DOOR LOCK LINK",بست قفل درب
CABLE ASSY FRONT DOOR INSIDE LOCKING RH,سیم موتور شیشه بالابر درب جلو (راست)
CABLE ASSY FRONT DOOR INSIDE LOCKING LH,سیم موتور شیشه بالابر درب جلو(چپ)
CABLE ASSY REAR DOOR INSIDE LOCKING RH,سیم موتور شیشه بالابر درب جلو (راست)
CABLE ASSY REAR DOOR INSIDE LOCKING LH,سیم موتور شیشه بالابر درب جلو (چپ)
REGULATOR ASSY REAR DOOR WINDOW RH,ریل شیشه بالابر درب جلو (راست)
REGULATOR ASSY REAR DOOR WINDOW LH,ریل شیشه بالابر درب جلو (چپ)
SPRING SUB-ASSY FRONT SEAT CUSHION LH,فنر نشیمنگاه صندلی جلو (چپ)
COVER SUB-ASSY FRONT SEAT CUSHION RH,روکش صندلی جلو (راست)
COVER FRONT SEAT CUSHION LH(FOR SEPARATE TYPE),روکش نشیمنگاه صندلی جلو (چپ)
COVER FRONT SEAT BACK RH(FOR SEPARATE TYPE),روکش صندلی جلو و عقب (راست)
COVER FRONT SEAT BACK LH(FOR SEPARATE TYPE),روکش صندلی جلو و عقب (چپ)
"COVER, REAR SEAT CUSHION",روکش نشیمنگاه صندلی عقب
COVER REAR SEAT BACK (FOR BENCH TYPE),روکش  صندلی عقب (برای نوع نیمکتی)
"SEAT SUB-ASSY, FRONT RH",مجموعه بدنه و ریل صندلی(فلزی) جلو (راست)
"SEAT SUB-ASSY, FRONT LH",مجموعه بدنه و ریل صندلی جلو (چپ)
"BRACKET, FRONT SEAT CUSHION, LH",نگهدارنده ریل صندلی (چپ)
"BRACKET, FRONT SEAT CUSHION, RH",نگهدارنده ریل صندلی (راست)
"HOLDER, REAR SEAT BACK",نگهدارنده پشت صندلی عقب
PAD SUB-ASSY FRONT SEAT CUSHION RH,اسفنج  نشیمنگاه صندلی جلو راست(بدون روکش)
PAD SUB-ASSY FRONT SEAT CUSHION LH,اسفنج  نشیمنگاه صندلی جلو چپ (بدون روکش)
"PAD SUB-ASSY, REAR SEAT CUSHION",اسفنج نشیمنگاه صندلی عقب (بدون روکش)
"PAD SUB-ASSY, FRONT SEAT BACK, RH",اسفنج  تکیه گاه صندلی جلو راست(بدون روکش)
"PAD SUB-ASSY, FRONT SEAT BACK, LH",اسفنج  تکیه گاه صندلی جلو چپ (بدون روکش)
"PAD SUB-ASSY, REAR SEAT BACK",اسفنج تکیه گاه صندلی عقب (بدون روکش)
PROTECTOR FRONT SEAT CUSHION EDGE LH,فریم  تزیینی تگیه گاه صندلی جلو(چپ)
"SHIELD, FRONT SEAT CUSHION, RH",فریم تزیینی کنار صندلی  جلو (راست)
"SHIELD, FRONT SEAT SIDE, LH",فریم تزیینی کنار صندلی  جلو( چپ)
SHIELD FRONT SEAT CUSHION INNER LH,ضربه گیر  کنار ی (داخلی ) صندلی جلو  (چپ)
SHIELD FRONT SEAT CUSHION INNER RH,ضربه گیر  کنار ی (داخلی ) صندلی جلو  (راست)
COVER RECLINING ADJUSTER OUTSIDE LH,پوشش اهرم تنظیم صندلی جلو (چپ)
COVER RECLINING ADJUSTER INSIDE RH,پوشش اهرم تنظیم صندلی(داخلی) جلو (راست)
"HEADREST ASSY, FRONT SEAT",تکیه‌گاه سر صندلی جلو
"SUPPORT, REAR SEAT HEADREST",پایه تکیه گاه سری صندلی (صندلی عقب)
SUPPORT ASSY FRONT SEAT HEADREST LH,پایه تکیه گاه سری صندلی جلو (چپ)
"SUPPORT ASSY, FRONT SEAT HEADREST",پایه تکیه گاه سری صندلی  جلو
"HEADREST ASSY, REAR SEAT, CENTER",تکیه‌گاه سر صندلی عقب وسط
TRACK ASSY RH SEAT OUTER (FOR SEPARATE SEAT),ریل کامل صندلی جلو (راست)
"TRACK ASSY, FRONT SEAT, OUTER LH",ریل کامل صندلی جلو(چپ)
PROTECTOR SEAT TRACK LOWER RAIL ,محافظ ریل پایینی صندلی
TRACK ASSY RH SEAT INNER (FOR SEPARATE SEAT),ریل کامل صندلی جلو (راست)
"TRACK ASSY, LH SEAT, INNER",ریل کامل صندلی جلو(چپ)
"HANDLE, SEAT TRACK ADJUSTING",دستگیره تنظیم ریل صندلی
"HANDLE, VERTICAL ADJUSTING, LH",دستگیره تنظیم ارتفاع  صندلی(چپ)
HANDLE RECLINING ADJUSTER RELEASE RH,دستگیره تنظیم خواب صندلی جلو (راست)
HANDLE RECLINING ADJUSTER RELEASE LH,دستگیره تنظیم خواب صندلی جلو (چپ)
"HOOK, REAR SEAT CUSHION LOCK",قلاب  نگهدارندهنشیمنگاه صندلی عقب
"BELT ASSY, FRONT SEAT OUTER, RH",کمربند صندلی جلو (راست)
"PLATE, FRONT SEAT BELT ANCHOR",مهره نگهدارنده  قفل کمربند صندلی جلو 
"BELT ASSY, FRONT SEAT OUTER, LH",کمربند صندلی جلو(چپ)
"BELT ASSY, FRONT SEAT INNER, LH",قفل کمربند جلو(چپ)
"BELT ASSY, FRONT SEAT INNER, RH",قفل کمربند جلو (راست)
"standard part Guide, Rear Seat Shoulder Belt, RH","قطعه استاندارد راهنما کمربند ایمنی صندلی عقب،(راست)"
"standard part Guide, Rear Seat Shoulder Belt, LH",قطعه استاندارد راهنما کمربند ایمنی صندلی عقب(چپ)
"BELT ASSY, REAR SEAT, OUTER",کمربند صندلی عقب (چپ)
BELT ASSY REAR SEAT INNER W/CENTER RH,قفل کمربندصندلی عقب  وسط(راست)
BELT ASSY REAR SEAT INNER W/CENTER LH,کمربند  وسط صندلی عقب (چپ)
"BRACKET SUB-ASSY, CROSS ANCHOR",نگهدارنده مجموعه صندلی عقب
BRACKET CHILD RESTRAINT SEAT TETHER ANCHOR,کلیپ نگهدارنده صندلی کودک
AIR BAG ASSY INSTRUMENT PANEL PASSENGER W/O DOOR,ایربگ داشبورد (راست)
PANEL FRONT ARMREST BASE UPPER RH,قاب   کلید شیشه بالابر جلو راست(بدون کلید)
PANEL FRONT ARMREST BASE UPPER LH,قاب  کلید شیشه بالابر جلو  (چپ)
PANEL FRONT DOOR ARMREST BASE LOWER RH,قاب تکیه گاه دست درب جلو (راست)
PANEL FRONT DOOR ARMREST BASE LOWER LH,قاب تکیه گاه دست درب جلو(چپ)
PANEL REAR DOOR ARMREST BASE UPPER RH,قاب کلید  شیشه بالابر درب عقب راست(بدون کلید)
PANEL REAR DOOR ARMREST BASE UPPER LH,قاب کلید  شیشه بالابر درب عقب چپ(چپ)
PANEL REAR DOOR ARMREST BASE LOWER RH,قاب تکیه گاه دست درب عقب (راست)
PANEL REAR DOOR ARMREST BASE LOWER LH,قاب تکیه گاه دست درب عقب(چپ)
"VISOR ASSY, RH",آفتابگیر (راست)
"VISOR ASSY, LH",آفتابگیر (چپ)
"HOLDER, VISOR",نگهدارنده آفتابگیر
"CLAMP SUB-ASSY, BATTERY",بست باتری
"COVER SUB-ASSY,BATTERY",کاور محافظ باتری
"CARRIER ASSY, BATTERY",سینی باتری(پایه نگهدارنده باتری)
"CARRIER, BATTERY",سینی باتری(پایه نگهدارنده باتری)
"BOLT, BATTERY CLAMP",پیچ  کاور باتری
"GRIP ASSY, ASSIST",دستگیره کمکی سقف
"COVER, FRONT DOOR TRIM, LH",درپوش پیچ رودری درب جلو (چپ)
"CUSHION, REAR LICENCE PLATE",بالشتک پلاک عقب
EMBLEM RADIATOR GRILLE (OR FRONT PANEL),آرم تویوتا  بالای جلو پنجره
"RETAINER, FRONT BUMPER SIDE", خار نگهدارنده کناری سپر جلو
"EMBLEM, LUGGAGE COMPARTMENT DOOR",آرم تویوتا روی درب صندوق
PLATE LUGGAGE COMPARTMENT DOOR NAME,آرم YARISروی درب صندوق
PLATE LUGGAGE COMPARTMENT DOOR NAME ,آرم روی صندوق عقب
"MOULDING, WINDSHIELD, OUTSIDE",لاستیک دور شیشه جلو
MOULDING ROOF DRIP SIDE FINISH RH,زه طولی تزیینی روی سقف (راست)
MOULDING ROOF DRIP SIDE FINISH LH,زه طولی تزیینی روی سقف (چپ)
CLIP ROOF DRIP SIDE FINISH MOULDING,خار قاب تزئینی  سقف
MOULDING DOOR EDGE,ضربه گیر لبه درب جلو
"GARNISH, DOOR FRAME, RH",زه تزیینی روی درب جلو راست(کنار ستون وسط)
"GARNISH, DOOR FRAME, LH",زه تزیینی روی درب جلو  چپ(کنار ستون وسط)
"GARNISH, REAR DOOR FRAME, RH",قاب تزیینی خارجی روی درب عقب راست (کنار گلگیر)
"GARNISH, REAR DOOR FRAME, LH",زه تزیینی دور شیشه  درب عقب چپ ( کنار ستون)
PAD FRONT DOOR OUTSIDE HANDLE RH,پد زیر دستگیره بیرونی درب جلو(راست)
PAD FRONT DOOR OUTSIDE HANDLE LH,پد زیر دستگیره بیرونی درب جلو( چپ)
CLIP(FOR DOOR FRAME GARNISH),بست درب جلو
"standard part CLIP, FR DOOR WINDOW",قطعه استاندارد کلیپس (بست) شیشه درب جلو
GARNISH SUB-ASSY LUGGAGE COMPARTMENT DOOR OUTSIDE,زه تزیینی روی درب صندوق عقب(بیرونی)
PROTECTOR BACK DOOR OUTSIDE GARNISH,ضربه گیر تزیینی  بیرونی درب عقب(چپ)
"TANK SUB-ASSY, FUEL",مخزن باک
TUBE SUB-ASSY FUEL EMISSION REAR,لوله رفت سوخت عقب
CABLE SUB-ASSY FUEL LID LOCK CONTROL,سیم قفل درب باک
LOCK SUB-ASSY FUEL FILLER OPENING LID,مکانیزم قفل درب باک
"GASKET, FUEL SUCTION TUBE SET",واشر درب پمپ سوخت
"PIPE SUB-ASSY, FUEL TANK INLET",لوله ورودی مخزن باک(ورود سوخت)
"TUBE SUB-ASSY, FUEL SUCTION",شلنگ مکش پمپ سوخت
"HOSE, FUEL TANK TO FILLER PIPE",شلنگ ورودی باک
"HOSE, FUEL EMISSION",شلنگ بخار بنزین(کنیستر)
"TUBE, FUEL MAIN",لوله رفت بنزین(فلزی)
"HOSE, FUEL",شیلنگ سوخت
TUBE SUB-ASSY FUEL TANK TO CANISTER,شیلنگ مخزن باک به کنیستر(شیلنگ تهویه باک)
"HOSE, FUEL TANK BREATHER",شلنگ بخار باک
"CLAMP, FUEL HOSE",بست شلنگ سوخت
"CLAMP, FUEL TUBE",بست لوله سوخت
"SHIELD, FUEL TANK FILLER PIPE",واشر لاستیکی مخزن سوخت
"CAP ASSY, FUEL TANK",درب داخلی باک بنزین
HINGE SUB-ASSY FUEL INLET BOX COVER,محفظه دور درب باک(هوزینگ)
"GASKET, FUEL TANK CAP",واشر درب  باک
"LID ASSY, FUEL FILLER OPENING",درب بیرونی باک
"CANISTER ASSY, CHARCOAL",کنیستر سوخت
"HOSE SUB-ASSY, VACUUM", شیلنگ هوا سر سیلندر
ROD ASSY ACCELERATOR PEDAL(W/SENSOR),میله پدال گاز با سنسور
"MOTOR SET, POWER STEERING",موتور تلسکوپی فرمان
"LAMP SET, STOP CENTER",چراغ ترمز عقب
"LENS SUB-ASSY, HEADLAMP, RH",طلق چراغ جلو بدون بدنه و متعلقات(راست)
"LENS SUB-ASSY, HEADLAMP, LH",طلق چراغ جلو بدون بدنه و متعلقات(چپ)
"HEADLAMP ASSY, RH",مجموعه کامل چراغ جلو (راست)
"standard part GROMMET, SCREW",قطعه استاندارد واشر عایق پیچ
standard part Nut,قطعه استاندارد مهره
"GASKET, HEADLAMP LENS",واشرآب بندی پوسته چراغ جلو
"UNIT, HEADLAMP W/GASKET, RH",چراغ جلو کامل با واشر  (راست)
"HEADLAMP ASSY, LH",مجموعه کامل چراغ جلو (چپ)
"UNIT, HEADLAMP W/GASKET, LH",چراغ جلو کامل (چپ)
"SCREW, HEADLAMP",پیچ چراغ جلو
"LAMP ASSY, MAP",چراغ مطالعه سقف
"LAMP ASSY, LICENSE PLATE, LH",چراغ پلاک (چپ)
"LENS, LICENSE PLATE LAMP",طلق  روی لامپ چراغ پلاک
"PACKING, LICENSE PLATE LAMP",پد ضربه گیر پشت چراغ پلاک
GUIDE REAR COMBINATION LAMP,لامپ راهنما چراغ خطر عقب
"COVER, REAR COMBINATION LAMP, LH",نگهدارنده پایه چراغ خطر عقب (چپ)
"LED, REAR COMBINATION LAMP, LH",لامپ LED چراغ عقب (چپ)
"LAMP ASSY, REAR COMBINATION, RH",چراغ خطر عقب روی گلگیر (راست)
LENS & BODY REAR COMBINATION LAMP RH,پوسته  چراغ خطر  عقب روی گلگیر راست(بدون متعلقات)
"CORD, REAR COMBINATION LAMP, LH",دسته سیم داخل چراغ خطر عقب روی گلگیر (چپ و راست)
"LAMP ASSY, REAR COMBINATION, LH",چراغ خطر عقب روی گلگیر(چپ)
LENS & BODY REAR COMBINATION LAMP LH,پوسته  چراغ خطر  عقب روی گلگیر چپ(بدون متعلقات)
"LAMP ASSY, REAR, RH",چراغ خطر  عقب روی درب صندوق (راست)
"LENS AND BODY, REAR LAMP, RH",پوسته چراغ خطر عقب روی درب صندوق راست(بدون متعلقات)
"SOCKET & WIRE, REAR LAMP, RH",سوکت و سیم لامپ عقب (راست)
"LED, REAR FOG LAMP",لامپ چراغ مه شکن عقب
"LAMP ASSY, REAR, LH",چراغ  خطر عقب روی درب صندوق (چپ)
"LENS AND BODY, REAR LAMP, LH",پوسته چراغ خطر عقب روی درب صندوق چپ(بدون متعلقات)
"SOCKET & WIRE, REAR LAMP, LH",سوکت و سیم لامپ عقب (چپ)
"LAMP ASSY, SIDE TURN SIGNAL, LH",چراغ راهنمای روی گلگیر
"REFLECTOR ASSY, REFLEX, RH",شبرنگ سپر عقب (راست)
"REFLECTOR ASSY, REFLEX, LH",شبرنگ سپر عقب (چپ)
"WIRE, ENGINE ROOM MAIN",دسته سیم اصلی موتور
"WIRE, ENGINE",سیم موتور
"WIRE, TRANSMISSION",دسته سیم ساعت  گیربکس
"WIRE, INSTRUMENT PANEL",دسته سیم  نورپردازی داشبورد
"WIRE, FRONT DOOR, RH",دسته سیم درب جلو (راست)
"WIRE, FRONT DOOR, LH",دسته سیم درب جلو (چپ)
"WIRE, REAR DOOR, LH",دسته سیم درب عقب( چپ و راست)
"WIRE, FLOOR",دسته سیم کف اتاق خودرو
"WIRE, ROOF",دسته سیم سقف
"WIRE, LUGGAGE ROOM",دسته سیم داخل اتاق صندوق عقب
"WIRE, REAR WINDOW", دسته سیم پنجره عقب
HARNESS SUB-ASSY AIR CONDITIONER WIRING,دسته سیم کمپرسور کولر
"WIRE, SPEED SENSOR, RH",سنسور سرعت
"WIRE, SPEED SENSOR, LH",سنسور سرعت
"WIRE, ILLUMINATION",دسته سیم فعال کننده چراغ ها
"BLOCK ASSY, FUSE",جعبه فیوز
"PULLER, FUSE",گیره (انبر) فیوز
"WIRE, FUSIBLE LINK",دسته سیم فیوز
"RELAY, INTEGRATION ",رله چند منظوره داخل اتاق(مرکزی)
"COVER, RELAY BLOCK",درپوش جعبه فیوز
"HOLDER, CONNECTOR ",نگهدارنده سوکت دسته سیم پشت داشبورد وسطی
"CLAMP, WASHER HOSE",بست شیلنگ شیشه‌شوی
"standard part Clamp, Wiring Harness",قطعه استاندارد بست کابل‌کش
"standard part CLAMP, WIRING HARNES",قطعه استاندارد بست کابل‌کش
"CLAMP, LUGGAGE LOCK CONTROL CABLE",بست سیم قفل صندوق عقب
"BRACKET, WIRE HARNESS CLAMP",نگهدارنده بست دسته‌سیم
"BRACKET, WIRE HARNESS",پایه دسته‌سیم
"BRACKET, WIRING HARNESS CLAMP",پایه گیره دسته‌سیم
"standard part BRACKET, WIRING HARN",قطعه استاندارد پایه نگهدارنده هارنس سیم‌ها
standard partBracket Wiring Harness,قطعه استاندارد  پایه نگهدارنده هارنس سیم‌ها
standard part Bracket Wiring Harness,"قطعه استاندارد پایه نگهدارنده هارنس سیم‌ها
"
"standard part COVER, CONNECTOR",قطعه استاندارد کاور اتصال دهنده
"CAP, ALTERNATOR TERMINAL",درپوش ترمینال دینام
"CAP, TERMINAL",درپوش فیش برق(ترمینال)
"SOCKET, BULB(FOR MAP LAMP)",سوکت لامپ مطالعه جلو
"GAGE ASSY, FUEL SENDER",گیج(شناور)پمپ سوخت
SWITCH ASSY OIL PRESSURE (FOR ENGINE),سنسور فشار روغن (روی موتور)
"METER ASSY, COMBINATION",کیلومتر شمار
"GLASS, COMBINATION METER",طلق روی کیلومترشمار
"SWITCH ASSY, HEADLAMP DIMMER",دسته راهنما
"SWITCH, COURTESY LAMP",زغالی (سوییچ)لامپ روی گلگیر عقب
"SWITCH ASSY, STEERING PAD",کلیدهای کنترل روی فرمان
SWITCH ASSY HAZARD WARNING SIGNAL,کلید  چراغ  فلاشر (روی داشبورد)
"SWITCH ASSY, STOP LAMP",سوییچ استاپر چراغ ها
ADJUSTER STOP LAMP SWITCH MOUNTING,کلید چراغ ترمز
"SWITCH ASSY, IGNITION OR STARTER",سوییچ کلید استارت
"SWITCH ASSY, NEUTRAL START",سوییچ استارت خلاص
"SWITCH ASSY, PARKING BRAKE",سوییچ چراغ ترمز دستی
"SWITCH ASSY, WINDSHIELD WIPER",دسته برف پاک کن کنار غربیلک فرمان
SWITCH ASSY POWER WINDOW REGULATOR,کلید شیشه بالابر جلو راست (بدون قاب)
MASTER SWITCH ASSY POWER WINDOW REGULATOR,کلید شیشه بالابر جلو چپ (بدون کلید آینه)
"SWITCH ASSY, OUTER MIRROR",کلید حرکت آینه (روی درب جلو چپ)
"SWITCH ASSY, DOOR CONTROL",کلید کنترل قفل درب
"BASE, SWITCH",پایه دسته راهنما
"SWITCH ASSY, COMBINATION",کلید های ترکیبی(حالت رانندگی)
"MOTOR ASSY, WINDSHIELD WIPER",موتور برف‌پاک‌کن شیشه جلو
"LINK ASSY, WIPER",براکت داخلی دسته برف پاک کن
"ARM, FRONT WIPER, LH",بازویی برف پاک کن جلو(چپ)
"BLADE, FR WIPER, LH",تیغه برف‌پاک‌کن جلو ( چپ)
"RUBBER, WIPER, RH",لاستیک برف پاک کن جلو (راست)
"RUBBER, WIPER, LH",لاستیک برف پاک کن جلو (چپ)
"ARM, FRONT WIPER, RH",بازویی برف پاک کن جلو (راست)
"BLADE, FR WIPER, RH",تیغه برف‌پاک‌کن جلو ( راست)
"standard part Cap, WIPER Arm Head",قطعه استاندارد درپوش سر بازوی برف‌پاک‌کن
"INLET SUB-ASSY, WASHER",گلویی مخزن شیشه شور
"JAR ASSY, WINDSHIELD WASHER",مخزن شیشه شور
JOINT WINDSHIELD WASHER HOSE ,شلنگ شیشه شور
"MOTOR & PUMP ASSY, WASHER",موتور پمپ مخزن  شیشه‌شوی
"CAP, FRONT WASHER TANK",درپوش مخزن شیشه‌شوی جلو
"PACKING, WINDSHIELD WASHER JAR",واشر آبندی بین خرطومی و منبع شیشه شوی
"JAR, WASHER, C",سه راهی شیلنگ آب پاش
"HOSE ASSY, WINDSHIELD WASHER",مجموعه شیلنگ شیشه‌شوی
"GROMMET, WASHER",خار شوینده
GROMMET(FOR HOOD LOCK CONTROL CABLE),گیره کابل کنترل قفل درب موتور
HOSE WINDSHIELD WASHER (FROM JOINT TO JOINT),شیلنگ شیشه شوی
"HOSE, WASHER",شیلنگ  مخزن  آب شیشه‌شوی
HOSE WINDSHIELD WASHER (FROM JOINT TO NOZZLE),شیلنگ نازل شیشه شوی
"VALVE, WINDSHIELD WASHER HOSE",رابط شیلنگ شیشه شوی جلو
JOINT WINDSHIELD WASHER ELBOW ,زانویی واشر شیشه جلو
"NOZZLE SUB-ASSY, WASHER",نازل شیشه شوی زیر برف پاک کن جلو
"SOCKET ASSY, POWER OUTLET",سوکت خروجی نیرو
"COVER, POWER OUTLET SOCKET",کاور داخل سوکت برق
MOTOR ASSY POWER WINDOW REGULATOR RH,موتور شیشه بالابر درب جلو (راست)
MOTOR ASSY POWER WINDOW REGULATOR LH,موتور شیشه بالابر درب جلو (چپ)
"SPEAKER ASSY, FRONT ",بلندگو(اسپیکر)درب جلو (چپ و راست)
"TUNER ASSY, STEREO COMPONENT",یونیت رادیو(بدون مانیتور)
"BRACKET, RADIO RECEIVER",پایه نگهدارنده کناری (پخش/مانیتور)
"ANTENNA ASSY, AMPLIFIER",مجموعه آنتن
"CORD SUB-ASSY, ANTENNA",دسته سیم آنتن مرکزی
"CABLE, ANTENNA",دسته سیم آنتن برقی سقف
"ROD, ANTENNA",میله آنتن
"PLATE, ANTENNA EARTH",پایه آنتن 
"HORN ASSY, SECURITY",بوق امنیتی
"HORN ASSY, LOW PITCHED",بوق زیر
"standard part MICROPHONE ASSY, TELEPHONE",قطعه استاندارد مجموعه میکروفون تلفن
"MICROPHONE ASSY, TELEPHONE",گیرنده تلفن (روی سقف)
"CLAMP, HEATER",گیره بخاری
"CLAMP, HEATER HOSE",بست شیلنگ بخاری
"DUCT ASSY, AIR",داکت تهویه (کاناال هوا)
"PAD, AIR DUCT",عایق(فریم) کانال هوا
"HOSE, HEATER WATER",شیلنگ آب بخاری
"HOSE, HEATER WATER, L",شیلنگ رفت آب بخاری(چپ)
"JOINT, WATER",سه راهی آب موتور
"BRACKET, HEATER WATER PIPE",نگهدارنده لوله آب بخاری
"MIRROR ASSY, INNER REAR VIEW",آینه وسط (داخل)
"MIRROR, OUTER REAR VIEW, RH",شیشه آینه بغل بدون موتور  (راست)
"MIRROR, OUTER REAR VIEW, LH",شیشه آینه بغل چپ(بدون موتور)
"MIRROR ASSY, OUTER REAR VIEW, RH",مجموعه آینه بغل کامل بدون قاب پشت(راست)
"COVER, OUTER MIRROR, RH",قاب پشت آینه بغل(راست)
"standard part SCREW, OUTER MIRROR",قطعه استاندارد پیچ آینه بیرونی
"MIRROR ASSY, OUTER REAR VIEW, LH",مجموعه آینه بغل کامل چپ(بدون قاب پشت)
"COMPRESSOR ASSY, COOLER", کمپرسور کولر
"BUSH, WINDSHIELD WASHER JAR",بوش شیشه شور شیشه جلو
"VALVE, SERVICE",شیر اتصال مخزن آب رادیاتور
"CAP, SERVICE VALVE",درپوش والف گاز کولر
"CAP, BLIND",درپوش کور(روی داشبورد)
"HUB SUB-ASSY, MAGNET CLUTCH",توپی کلاچ کمپرسور کولر
"CLUTCH ASSY, MAGNET",پولی کمپرسور کولر
"STATOR, MAGNET CLUTCH",کویل مگنت کمپرسور کولر
"ROTOR SUB-ASSY, MAGNET CLUTCH",پولی کمپرسور کولر
"CONDENSER ASSY, COOLER",کندانسور کولر
"DRYER, COOLER",فیلتر خشک کن گاز کولر
"VALVE, COOLER EXPANSION",شیر انبساط کولر
"HOSE, DRAIN COOLER",شلنگ تخلیه گاز کولر
"standard part GRILLE, AIR INLET",قطعه استاندارد مشبک ورود هوا
"GRILLE, AIR INLET ",توری ورودی هوا
"standard part  CLAMP, COOLER","قطعه استاندارد  بست خنک‌کننده، شماره"
"WIRE,AIR CONDITIONER",دسته سیم کندانسور کولر
"BRACKET, COOLER",نگهدارنده  داخلی کمپرسور کولر
"BRACKET, COOLER COMPRESSOR",نگهدارنده  داخلی کمپرسور کولر
"TUBE, SUCTION",لوله برگشت گاز کولر
HOSE COOLER REFRIGERANT DISCHARGE,شیلنگ تخلیه گاز کولر
HOSE COOLER REFRIGERANT SUCTION ,شیلنگ ورودی گاز کولر
"TUBE, LIQUID, A(FOR COOL BOX)",لوله رفت گاز یخچال
"CLAMP, PIPING",بست لوله
"standard part CLAMP, PIPING",قطعه استاندارد بست لوله‌کِش
"SENSOR, AIR CONDITIONER PRESSURE",سنسور فشار کمپرسور کولر
THERMISTOR COOLER (AMBIENT TEMP. SENSOR),سنسور دمای محیط
ACCESSORY ASSY AIR CONDITIONER ,لوازم جانبی تهویه مطبوع
"GROMMET, (FOR COOLER PIPE)",خار (برای لوله کولر)
"TRANSMITTER ASSY, DOOR CONTROL",مجموعه فرستنده کنترل درب
MODULE SET TRANSMITTER SUB-ASSY DOOR CONTROL,یونیت ریموت درب ها
"COMPUTER, NETWORK GATEWAY",یونیت مرکزی شبکه اطلاعات
"COMPUTER ASSY, AIR BAG",یونیت ایربگ
"WIRE, AIR BAG REPAIR",سیم فعال کننده ایربگ فرمان
"SENSOR, AIR BAG, FRONT",سنسور ایربگ جلو
SENSOR TRANSMISSION REVOLUTION (NIN),سنسور دور گیربکس
SENSOR TRANSMISSION REVOLUTION (NOUT),سنسور دور گیربکس
"SENSOR, VACUUM",سنسور هوا(سنسور فشار منفی)
"SENSOR, WATER TEMPERATURE",سنسور دمای آب
"BRACKET, SENSOR",نگهدارنده سنسورهای موتور(ناک/هوا)
"SENSOR, OXYGEN",سنسور اکسیژن پایین(روی اگزوز)
"SENSOR, AIR FUEL RATIO",سنسور اکسیژن جلو (AFR)
"BRACKET, COMPUTER",پایه (نگدارنده کامپیوتر)
"SENSOR, SPEED, FRONT RH",سنسور سرعت_جلو (راست)
"SENSOR, SPEED, FRONT LH",سنسور سرعت جلو (چپ)
"COMPUTER, FUEL INJECTION",یونیت سوخت
"SENSOR, KNOCK CONTROL",سنسور ضربه
"SENSOR, OIL PRESSURE",سنسور فشار روغن
"COMPUTER ASSY, POWER STEERING",یونیت فرمان
"CYLINDER SET, LOCK W/TRANSMITTER",مجموعه قفل و کلید
"BUZZER, WIRELESS DOOR LOCK",آژیر خطر درب صندوق برقی
"COVER, TRANSMITTER HOUSING",درپوش باتری کلید ایموبلایزر
"CASE, TRANSMITTER HOUSING",بدنه کلید و ریموت
"COIL, TRANSPONDER KEY",آنتن ایموبلایزر
BOLT UNION(FOR REAR SHOCK ABSORBER RH),پیچ اتصال کمک‌فنر عقب (راست)
"standard part  Bolt, Washer Based","قطعه استاندارد پیچ پایه واشردار
"
BOLT(FOR FRONT SUSPENSION LOWER ARM RH),پیچ بازوی پایین تعلیق جلو  (راست)
"standard part Bolt, Washer Based H","قطعه استاندارد پیچ، پایه واشر دار (سخت‌کاری شده)"
"standard part  BOLT, WASHER BASED H","قطعه استاندارد پیچ، پایه واشر دار (سخت‌کاری شده)"
"SHAFT, BRAKE PEDAL",شفت پدال ترمز
BOLT REAR WHEEL CYLINDER ADJUSTING RH (FOR BRAKE),پیچ تنظیم سیلندر چرخ عقب ترمز(راست)
"BOLT, BRAKE PEDAL STOP",پیچ  پدال ترمز 
"standard part BOLT, FLANGE W/WASHE",قطعه استاندارد پیچ فلنجی همراه با واشر
"BOLT, INSTRUMENT PANEL",پیچ پنل ابزار
"BOLT, SHIFT LEVER",پیچ اهرم تعویض دنده
"BOLT, FUEL TANK",پیچ مخزن سوخت
BOLT(FOR TRANSAXLE OIL PAN),پیچ کارتل روغن گیربکس
"standard part SCREW, HEXALOBULAR",قطعه استاندارد پیچ آلنی (پیچ شش پری)
"standard part SCREW, HEXAGON TAPPI",قطعه استاندارد پیچ شش‌گوش خودکار
"standard part SCREW, PAN TAPPING",قطعه استاندارد پیچ خودکار پن (سربار)
"NUT, FUEL LID LOCK",مهره قفل درب باک
"standard part Nut, HEXAGON","قطعه استاندارد مهره شش‌گوش
"
NUT (FOR STEERING KNUCKLE RH),مهره بند انگشتی فرمان (راست)
"NUT, LOCK",مهره قفل
"standard part NUT, FLANGE",قطعه استاندارد  پیچ فلنجی
"NUT, BRAKE MASTER CYLINDER",مهره سیلندر اصلی ترمز
"NUT, BOOSTER",مهره بوستر
standard partNut W Washer,قطعه استاندارد مهره همراه با واشر
"standard part Nut, Spring",قطعه استاندارد مهره فنری
COLLAR(FOR AIR CLEANER),یقه فیلتر هوا
"RING, O",اورینگ
"RING, O (FOR OIL STRAINER)",اورینگ صافی روغن
SEAL TYPE T OIL(FOR CVT OIL PUMP),کاسه نمد نوع T پمپ روغن گیربکس CVT
"SEAL, TYPE T OIL(FOR CVT)",کاسه نمد نوع T (برای گیربکس CVT)
"PLUG, OVERFLOW(CVT)",پولک سرریز (گیربکس CVT)
BUSH(FOR FRONT SHOCK ABSORBER RH),بوش سر کمک‌فنر جلو (راست)
"GASKET, OVERFLOW PLUG(CVT)",واشر پولک سرریز (گیربکس CVT)
"standard part  CLAMP, HOSE",قطعه استاندارد بست شیلنگ
CLIP(FOR VACUUM HOSE ASSY),بست شلنگ بوستر ترمز
standard part CLAP,قطعه استاندارد گیره
"CLIP, RR COMBINATION LAMP, LH",خار چراغ خطر عقب (چپ)
CLIP(FOR PUSH ROD CLEVIS PIN),پین دسته سیم  دسته دنده
GROMMET,واشر بدنه فیلتر هوا
RING HOLE SNAP (FOR FRONT AXLE HUB RH),خار رینگی سوراخ هاب محور جلو (راست)
"BOLT, HUB(FOR REAR AXLE RH)",پیچ هاب محور عقب (راست)
"BULB, REAR TURN SIGNAL LAMP",لامپ چراغ راهنما عقب
standard part Bolt Flange,قطعه استاندارد پیچ فلنجی
BOLT HEXAGON(FOR DRIVE PLATE SETTING),پیچ شش‌گوش صفحه محرک
BOLT (FOR REAR AXLE BEARING RH),پیچ یاتاقان محور عقب (راست)
BOLT(FOR DRIVE PLATE & TORQUE CONVERTER SETTING),پیچ صفحه محرک و تنظیم مبدل گشتاور
standard partBolt Washer Based H,"قطعه استاندارد پیچ، پایه واشر(سخت‌کاری شده)
"
BOLT(FOR FRONT SUSPENSION LOWER ARM  RH),پیچ بازوی پایین تعلیق جلو  (راست)
BOLT (FOR STEERING KNUCKLE RH),پیچ بند انگشتی فرمان (راست)
standard partBolt Flange W Washe,قطعه استاندارد پیچ فلنجی (همراه با واشر)
BOLT HEXAGON(FOR STEERING COLUMN BRACKET),پیچ شش‌گوش پایه ستون فرمان
standard partBolt W Washer,قطعه استاندارد  پیچ همراه با واشر
standard part Bolt Flange W Washe,قطعه استاندارد پیچ فلنجی (همراه با واشر)
PIN STRAIGHT(FOR BRAKE MASTER CYLINDER),پین مستقیم سیلندر اصلی ترمز
"RING, O(FOR OIL LEVEL GAGE)",اورینگ لوله گیج روغن
"O RING, CAM POSITION SENSOR",اورینگ سنسور موقعیت میل سوپاپ
"RING, O(FOR OIL PAN)",اورینگ کارتل موتور
"RING, O(FOR FUEL INJECTOR)",اورینگ انژکتور سوخت
PLUG(FOR OIL PAN DRAIN),پیچ تخلیه کارتل
BUSH(FOR BRAKE PEDAL),بوش پدال ترمز
"standard part WAY, 3",قطعه استاندارد سه‌راه
GASKET(FOR OIL PAN DRAIN PLUG),واشر پیچ تخلیه کارتل
CLIP(FOR COWL SIDE TRIM),خار
CLIP(FOR FRONT FLOOR CARPET),خار (کف پایی جلو)
CLIP DOOR WEATHERSTRIP LH(FOR REAR DOOR),خار درب عقب (چپ)
CLAMP OR CLIP(FOR RADIATOR RESERVE TANK HOSE),بست شیلنگ مخزن ذخیره رادیاتور
GROMMET(FOR RADIATOR SUPPORT),حلقه محافظ پایه رادیاتور
GROMMET(FOR AIR CLEANER BRACKET),حلقه محافظ پایه فیلتر هوا
standard part SPACER,"قطعه استاندارد فاصله‌انداز / اسپیسر
"
"BELT, V(FOR FAN & ALTERNATOR)",تسمه وی شکل فن و دینام
"HOSE, FLEXIBLE(FOR REAR RH)",شیلنگ انعطاف‌پذیر عقب  درب باک(راست)
"HOSE, FLEXIBLE(FOR FRONT)",شیلنگ انعطاف‌پذیر  پشت درب باک( جلو )
standard part SCREW,قطعه استاندارد پیچ
"RING, O(FOR FUEL PUMP)",اورینگ پمپ سوخت
BEARING(FOR ALTERNATOR DRIVE END FRAME),بلبرینگ  دینام (انتهایی)
BOLT(FOR COOLING FAN MOTOR),پیچ موتور فن خنک‌کننده
standard partNut,قطعه استاندارد مهره 
RING O(FOR CAM TIMING OIL CONTROL VALVE),اورینگ سوپاپ کنترل روغن تایمینگ میل سوپاپ
"SEAL, EXHAUST VALVE STEM OIL",کاسه نمد ساق سوپاپ دود
"SEAL, INTAKE VALVE STEM OIL",کاسه نمد ساق سوپاپ هوا
GASKET(FOR OIL FILLER CAP),واشر درب روغن موتور
"DRIVER, SCREW",پیچ‌گوشتی
PLIERS,انبردست
standard part Mass Air Flow Sensor Screw ,قطعه استاندارد  پیچ سنسور جریان هوای ورودی
standard part Blower Assembly Screw,قطعه استاندارد پیچ مجموعه دمنده
"BOLT, MAGNET CLUTCH SETTING",پیچ تنظیم کلاچ مغناطیسی
"NUT, ALTERNATOR",مهره دینام
"RING, SNAP (FOR COMPRESSOR)",خار کمپرسور کولر
"RING, SNAP",خار
RING O(FOR COOLER REFRIGERANT LIQUID PIPE),اورینگ لوله مایع کولر
standard part Side Shield Bolt,قطعه استاندارد پیچ محافظ کناری (آرکبال / محافظ زیربندی)
"standard partBOLT, HOOD LOCK",قطعه استاندارد پیچ قفل کاپوت
standard part BOLT(FOR CYLINDER HEAD COVER),قطعه استاندارد پیچ (مخصوص درپوش سرسیلندر)
standard part Bolt. Sensor. Camshaft. Flange. Engine Position. Ignition Coil.,قطعه استاندارد  پیچ فلنجی
standard part BOLT (FOR TRANSMISSION CONTROL CABLE BRACKET),"قطعه استاندارد پیچ (مخصوص براکت کابل کنترل گیربکس)
"
standard part BOLT(FOR ALTERNATOR,قطعه استاندارد پیچ (مخصوص دینام)
standard partBOLT(FOR ALTERNATOR),قطعه استانداردقطعه استاندارد این قطعه تأمین نمی شود
standard part Gasket(For Clutch Master Cylinder To Flexible Hose Tube),قطعه استاندارد واشر (مخصوص سیلندر اصلی کلاچ به لوله شیلنگ انعطاف‌پذیر)
"BOLT, COMPRESSOR",پیچ کمپرسور کولر
standard partBOLT(FOR TRANSAXLE & ENGINE SETTING),قطعه استاندارد پیچ (مخصوص نصب و تنظیم ترنزکسل و موتور)
" standard part BOLT, W/WASHER (FOR FLOOR SHIFT)","قطعه استاندارد پیچ، همراه با واشر (مخصوص اهرم دنده کف)"
standard part BOLT FLAGE,قطعه استاندارد پیچ فلنجی
BOLT(FOR CAMSHAFT HOUSING SET),پیچ پوسته میل سوپاپ
BOLT(FOR CAMSHAFT TIMING GEAR),پیچ چرخ دنده تایمینگ میل سوپاپ
"standard part  CLIP, FR DOOR WINDOW",قطعه استاندارد کلیپس (بست) شیشه درب جلو
standard partBOLT(FOR HEAD TO CAMSHAFT BEARING CAP),قطعه استاندارد پیچ (مخصوص یاتاقان‌های میل‌بادامک به سرسیلندر)
"standard part( BOLT, FLANGE)",قطعه استاندارد  واشر بزرگ و توزیع‌کننده فشار 
"standard part Bolt,Washer Based He","قطعه استاندارد پیچ، پایه واشر دار (سخت‌کاری شده)"
"BOLT, EXHAUST PIPE SUPPORT",پیچ پایه لوله اگزوز
BOLT(FOR CYLINDER HEAD COVER),پیچ درب سوپاپ
"BOLT, OIL NOZZLE UNION",پیچ اتصال نازل روغن
"standard part BOLT, SERRATION",قطعه استاندارد پیچ دندانه‌دار (پیچ شیاردار)
"standard part Bolt, Weld","قطعه استاندارد  پیچ جوشی
"
"standard part  Bolt, w/Washer",قطعه استاندارد پیچ به همراه واشر
standard part Bolt W Washer,"قطعه استاندارد پیچ همراه با واشر
"
standard par(BOLT-VALVE ASSY CAM TIMI),قطعه استاندارد پیچ سوپاپ تایم میل
BOLT FLEXIBLE ATTACHING(FOR STEERING MAIN SHAFT),پیچ اتصال شفت اصلی تلسکوپی فرمان
"BOLT, BRAKE ACTUATOR BRACKET",پیچ نگهدارنده محرک ترمز
standard part(THIS PART IS NOTSUPPLIED),قطعه استاندارد این قطعه تأمین نمی شود
standard partBOLT(FOR FRONT FENDER),قطعه استاندارد پیچ (مخصوص گلگیر جلو)
standard partBOLT (FOR TRANSMISSION CONTROL CABLE BRACKET),قطعه استاندارد پیچ (مخصوص براکت کابل کنترل گیربکس)
BOLT(FOR CRANKSHAFT PULLEY SET),پیچ پولی میل لنگ
BOLT STUD(FOR EXHAUST MANIFOLD TO CYLINDER HEAD),پیچ دوسر منیفولد اگزوز به سرسیلندر
BOLT STUD(FOR INTAKE MANIFOLD TO CYLINDER HEAD),پیچ دوسر منیفولد ورودی به سرسیلندر
"standard part Screw, CROSSRECESS C",قطعه استاندارد پیچ سرمته‌ای (پیچ چهارسو)
"standard part Screw, CROSSRECESS H",قطعه استاندارد پیچ سرمته‌ای
standard part Radiator Support Splash Shield Screw,"قطعه استاندارد پیچ محافظ پاشنه رادیاتور (پیچ گلگیرک داخلی رادیاتور)
"
"standard part Screw, W/WASHER TAPP (Lamp Screw)",قطعه استاندارد پیچ خودکار همراه واشر (پیچ چراغ)
"standard part Screw, W/WASHER TAPP","قطعه استاندارد پیچ، همراه با واشر (خود-رزوه‌شونده)
"
"standard part Screw, Binding TAPPI",قطعه استاندارد پیچ خودکار TAPPI
"standard part  Screw, Pan Tapping","قطعه استاندارد خودکار (خود-رزوه‌شونده)
"
standard part NUT CAP,قطعه استاندارد درپوش مهره
"NUT, WIRE ADJUSTING",مهره تنظیم دسته دنده
standard part Exhaust Manifold Nut,"قطعه استاندارد مهره کلکتور اگزوز)
"
NUT (FOR FRONT AXLE SHAFT RH),مهره دیسک چرخ جلو
"standard part Nut, Wire Adjusting",قطعه استاندارد مهره تنظیم سیم
"standard part NUT,FLANGE",قطعه استاندارد مهره فلنجی
NUT (FOR TRANSMISSION CONTROL CABLE),مهره کابل کنترل گیربکس
"NUT, STEERING WHEEL SET",مهره روی غربیلک فرمان
"standard part Nut, W/WASHER",قطعه استاندارد مهره همراه با واشر
"GROMMET, SCREW",خار شلگیر
standard part Bumper Cover Grommet,قطعه استاندارد محافظ سپر
"standard part (WASHER, PLATE)",قطعه استاندارد واشر تخت
WASHER REAR SHOCK ABSORBER CUSHION  RH,واشر بالشتک کمک‌فنر عقب  (راست)
WASHER PLATE(FOR CYLINDER HEAD SET),واشر صفحه سرسیلندر
WASHER SEAL(FOR CYLINDER HEAD COVER),واشر پیچ  سرسیلندر
PIN(FOR PUSH ROD),پین پدال گاز
PIN STRAIGHT(FOR TIMING GEAR COVER SET),پین  کاور چرخ دنده زنجیر تایم
"PIN, STRAIGHT(FOR OIL PAN)",پین کارتل
PIN STRAIGHT(FOR CLUTCH HOUSING SET),پین پوسته کلاچ
PIN RING(FOR CYLINDER BLOCK  ),خار رینگی بلوک سیلندر 
"PIN, RING",خار رینگی
PIN RING(FOR CAMSHAFT BEARING CAP SETTING),خار رینگی تنظیم کپه یاتاقان میل سوپاپ
"PIN, RING (FOR CYLINDER HEAD SET)",خار رینگی سرسیلندر
KEY(FOR CRANKSHAFT TIMING GEAR),خار چرخ دنده تایمینگ میل لنگ
"RING, O(FOR OIL LEVEL GAGE GUIDE)",اورینگ لوله گیج روغن
"standard partRING, O(FOR OIL PUMP)",قطعه استاندارد اورینگ (مخصوص پمپ روغن)
"RING, O(FOR OIL STRAINER)",اورینگ صافی روغن
"SEAL, ENGINE REAR OIL",کاسه نمد ته میل لنگ
SEAL OIL(FOR TIMING CHAIN OR BELT COVER),کاسه نمد کاور زنجیر تایم
"standard part Plug, Plate",قطعه استاندارد درپوش صفحه‌ای
PLUG TAPER SCREW(FOR TIMING CHAIN COVER),پولک پیچ مخروطی کاور زنجیر تایمینگ
"standard part Bolt, Union",قطعه استاندارد یچ اتصال (پیچ یونیون)
UNION(FOR CYLINDER BLOCK),پیچ تخلیه  بلوک سیلندر
GASKET(FOR CLYINDER BLOCK),واشر بلوک سیلندر
"standard part Clamp, Hose",قطعه استاندارد بست شیلنگ
CLAMP(FOR AIR CLEANER HOSE),بست شیلنگ فیلتر  هوا
CLAMP OR CLIP(FOR WATER BY-PASS HOSE ),بست شیلنگ شلنگ آب رادیاتور
CLIP OR CLAMP (FOR HEATER WATER HOSE),بست  شیلنگ آب بخاری
CLIP(FOR VENTILATION HOSE),بست شیلنگ منیفولد
CLIP(FOR WATER BY-PASS HOSE ),بست شیلنگ برگشت آب  رادیاتور
"CLIP, AIR INTAKE DUCT",خارفشاری سپر جلو
"CLIP, DASH PANEL INSULATOR PAD",خار نگهدارنده سینی رادیاتور
RETAINER(RADIATOR COVER),نگهدارنده کاور رادیاتور
standard part Clip(For Cowl Side Trim),قطعه استاندارد نگهدارنده مخصوص پنل تزئینی کناری کاول
"CLIP, FRONT BUMPER SIDE RETAINER",بست نگهدارنده کناری سپر جلو
standard part Clip(For Scuff Plate),"قطعه استاندارد کلیپس (مخصوص پانل آستری در)
"
CLIP,خار
CLIP(FOR ROOF HEADLINING),خار سقف
CLIP(FOR FRONT DOOR TRIM BOARD),خار درب جلو
CLIP LUGGAGE COMPARTMENT DOOR PANEL,خار  تو دری درب صندوق عقب
CLIP(FOR PACKAGE TRAY TRIM PANEL),بست طاقچه عقب
standard prt clip,قطعه استاندارد گیره
"CLIP, RADIATOR COVER PLATE",خار فشاری سینی  رادیاتور
RING HOG SMALL (FOR FRONT SEAT BACK),حلقه فلزی پشت صندلی جلو
CLAMP(FOR HOOD LOCK CONTROL CABLE),بست کابل کنترل قفل درب موتور
Diagnostics, دیاگ زدن 
Feeler Gauge Adjustment, فیلرگیری 
Re-torquing, آچارکشی 
Tightening, آچارکشی 
Teardown, اوراق کردن 
Dismantling, اوراق کردن 
Compression Test, کمپرس سنجی 
Engine, موتور 
Cylinder Block, بلوک سیلندر 
Cylinder, سیلندر 
Piston, پیستون 
Piston Rings, رینگ پیستون 
Connecting Rod, شاتون 
Crankshaft, میل‌لنگ 
Bearing, یاتاقان 
Oil Pan, کارتل 
Cylinder Head, سرسیلندر 
Valve, سوپاپ 
Camshaft,میل سوپاپ 
Camshaft, میل بادامک
Timing Belt, تسمه تایم 
Head Gasket, واشر سرسیلندر 
Spark Plug, شمع 
Transmission, گیربکس
Gearbox, جعبه‌دنده 
Clutch, کلاچ 
Clutch Disc & Plate, دیسک و صفحه کلاچ 
Flywheel, فلایویل 
Synchro Rings, دنده‌های برنجی 
Automatic Transmission, گیربکس اتوماتیک 
Torque Converter, مبدل گشتاور 
Differential, دیفرانسیل 
Axle Shaft, پلوس 
Driveshaft, پلوس 
CV Joint Boot, گردگیر پلوس 
Propeller Shaft, گاردان 
Suspension, سیستم تعلیق 
Shock Absorber, کمک‌فنر 
Spring, فنر 
Control Arm, طبق 
Control Arm Bushing, بوش طبق 
Tie Rod End, سیبک فرمان 
Sway Bar/Anti-roll Bar, میل تعادل 
Steering, سیستم جلوبندی 
Brake System, سیستم ترمز 
Brake Pad, لنت ترمز 
Brake Disc/Rotor, دیسک ترمز 
Brake Caliper, کالیپر ترمز 
Brake Booster, بوستر ترمز 
Brake Fluid, روغن ترمز 
ABS – Anti-lock Braking System, ترمز ضد قفل 
Engine Control Unit, ECU 
Oxygen Sensor, سنسور اکسیژن 
Alternator, دینام 
Starter Motor, استارت 
Ignition Coil, کوئل 
Fuel Injector, انژکتور 
Accessory,متعلقات
Acoustic,"صوتی، شنوایی، آکوستیک"
Acoustic Frequency,"فرکانس صوتی، بسامد صوتی، تواتر صوتی"
Acoustics,"صوت شناسی (علم تولید، انتقال و تاثیرات صدا)"
Actuator,"راه انداز، محرک"
Additive,افزودنی
Adhesive (adj),"چسبنده، چسبناک"
Adhesive (n),چسب
Adjust,"تنظیم کردن، میزان کردن"
Adjusting Nut,مهره ی تنظیم
Adjusting Screw,پیچ تنظیم
Adjustment Device,ابزار تنظیم
Adjustment,"تنظیم، میزان، تعدیل"
Admissible Error,"خطای مجاز، خطای قابل قبول"
Air Conditioning,تهویه ی مطبوع
Air Conditioning System,سیستم تهویه مطبوع
Air Strut,استرات (کمک فنر) بادی
Air Suspension,تعلیق بادی
All Metal,تمام فلزی
Alloy,آلیاژ (فلزی که از افزودن چند عنصر به فلز مبنا حاصل می شود)
All Wheel Drive,همه چرخ محرک
Aluminizing,آلومینیوم کاری
Angle,"زاویه، گوشه"
Angular Acceleration,شتاب زاویه ای
Angular Velocity,"سرعت زاویه ای، سرعت دورانی"
Annular,"حلقوی، مدوّر"
Annular Gear,چرخ دنده ی حلقوی
Annular Groove,شیار حلقوی
Annulus,"حلقوی، طوقی"
Anti Clockwise,"پادساعتگرد، مخالف حرکت عقربه های ساعت"
Anti Corrosion Protection,"حفاظت در برابر خوردگی، حفاظت در برابر زنگ زدگی"
Anti Corrosive,"ضد خوردگی، ضد زنگ"
Anti Corrosive Paint,"رنگ ضد زنگ، پوشش ضد خوردگی"
Anti Flutter,ضد لرزش
Antilock Braking System,سیستم ترمز ضد قفل
Antiroller Bar,میله ی موج گیر عقب
Anti Rust,ضد زنگ
Appearance Check,"بازرسی ظاهری، بازبینی نظری"
Artculated,"مفصل دار، مفصلی"
Aspect Raito,نسبت ابعادی
Assemble,"مونتاژ کردن، جمع کردن، سوار کردن"
Assembly,"مجموعه قطعات، مونتاژ"
Astern,"به طرف عقب (به طرف عقب یک هواپیما، کشتی و یا خودرو)"
Attaching Parts,قطعات وصل کننده
Automatic,"اتوماتیک، خودکار"
Automatic Transmission,جعبه دنده اتوماتیک
Axial,محوری
Axis,محور
Axis Of Symmetry,محور تقارن
Axle,اکسل
Axle Pivot,لولای اکسل
Axle Housing,پوسته ی اکسل
Axle Raito,نسبت دور دیفرانسیل
Axle Shaft,میل پلوس
Backlash,لقی
Balance,"بالانس کردن، تراز کردن، موازنه کردن"
Balance Wheel,"چرخ بالانس، چرخ تعادل"
Balancing Machine,"دستگاه لنگرگیری، دستگاه تعادل"
Balancing Weight,وزنه ی تعادل
Ball And Socket Device,دستگاه کاسه ساچمه ای
Ball And Socket Joint,"مفصل کاسه ساچمه ای، مفصل کروی"
Ball Bearing,"بلبرینگ، یاتاقان ساچمه ای"
Ball Bearing Race,کاسه ساچمه
Ball Joint,"اتصال سیبکی، مفصل کاسه ساچمه ای، مفصل کروی"
Bar,"میله، شمش، میله گرد"
Bead Breaker,لق کن تایر
Bead Of Tire,لبه ی تایر (لبه ی برآمده ی تایر در مجاورت رینگ)
Bearing,یاتاقان
Bell Crank,"دو شاخه ی مفصلی، شغالدست"
Bell Crank Lever,اهرم دو شاخه ی مفصلی
Bending Moment,"گشتاور خمشی، لنگر خمشی"
Bias Ply Tire,تایر بایاس (تایر با لایه های مورب)
Body,"بدنه، اتاق"
Bolt,پیچ
Bond,"متصل کردن، چسباندن (مانند چسباندن لاستیک به فلز)"
Boot,گردگیر
Bounce Test,آزمون واجهش
Bouncing,واجهش
Brake,ترمز
Break Down,"اشکال فنی، نقص فنی، عیب فنی"
Breaker Strip (Of Tire),نوار بار شکن (تایر چرخ)
Brittle,"شکننده، ترد"
Buffer,ضربه گیر
Bump,دست انداز
Bumper,"سپر، ضربه گیر"
Bushing,بوش
Bypass,کنارگذر
Calibration,"تنظیم، کالیبراسیون، واسنجی"
Camber,کمبر
Carcase,اسکلت
Casing,"منجید، بدنه، پوسته، پوشینه"
Caster,کستر
Cellular Rubber,لاستیک اسفنجی
Characteristic,"مشخصه، خصوصیت"
Clockwise,ساعتگرد (جهت گردش عقربه های ساعت)
Coefficient,ضریب
Coil Spring,"فنر مارپیچی، فنر لول"
Collapsible Spare,زاپاس جمع شو
Collar,"طوقه، بست حلقوی"
Compact Spare,زاپاس فشرده
Connecting Rod,میل فرمان
Control Arm,طبق
Correction,"تصحیح، اصلاح"
Counter Clockwise,پادساعتگرد (خلاف جهت عقربه های ساعت)
Counter Clockwise,پادساعتگرد (خلاف جهت حرکت عقربه های ساعت)
Counter Shaft,میله ی هرزگرد
Cross Section,سطح مقطع
Damping,"میرایی، استهلاک"
Damping Constant,ضریب میرایی
Dashpot,"ضربه گیر، کمک فنر"
Dead Axle,محور ثابت
Degree Of Freedom,درجه ی آزادی
Diagonal Brace,مهار مورب (قطری)
Diameter,قطر
Die,قالب
Die Casting,ریخته گری تحت فشار
Differential,دیفرانسیل
Differential Carrier,"پوسته ی دیفرانسیل، کله گاوی"
Differential Case,هوزینگ دیفرانسیل
Disc Brake,ترمز دیسکی
Distortion,"اعوجاج، از شکل افتادگی، واپیچش"
Drive,"گرداننده، محرک"
Driveability,"راندن پذیری، کیفیت سواری"
Drive Axle,اکسل محرک
Drum Brake,ترمز کاسه ای
Dynamic Balancing,بالانس دینامیکی
Eccentric,خارج از مرکز
Efficiency,"بازدهی، کارآیی، راندمان"
Elasticity,"کشسانی، ارتجاع، الاستیسیته"
Fender,گلگیر
Fiber Glass,فایبرگلاس
Final Drive,محرک نهایی
Flat Tire,تایر پنچر شده
Fluid Circute,مدار هیدرولیکی
Fracture,"شکست، ترک، شکستگی"
Frame,"فریم، شاسی، قاب، چارچوب، اسکلت بندی"
Frame Angle,زاویه ی فریم
Friction,اصطکاک
Front Suspension,تعلیق جلو
Front Wheel Drive Car,"خودروی چرخ جلو محرک، خودروی دیفرانسیل جلو"
Gas Filled Shock Absorber,کمک فنر گازی
Glue,چسب
Horizontal,افقی
Hose,شلنگ (لوله ای انعطاف پذیر برای انتقال سیالات)
Housing,"محفظه، پوسته"
Hub,توپی
Hydraulic Accumulator,انباره ی هیدرولیکی
Hydraulic Amplifier,تقویت کننده ی هیدرولیکی
Hydraulic Brake,ترمز هیدرولیکی
Hydraulic Circute,مدار هیدرولیکی
Hydraulic Damping,"ضربه گیر هیدرولیکی، ضربه گیر روغنی"
Hydraulic Shock Absorber,"کمک فنر هیدرولیکی، کمک فنر روغنی"
Hydrostatics,هیدروستاتیک (علم مطالعه ی تعادل مایعات و فشار اعمال شده بر آنها)
I Beam Axle,اکسل طبق دار
Indicator,"اندیکاتور، نشانگر، شاخص"
Injection Moulding (Molding),قالب گیری تزریقی
King Pin,میل سگدست
Knuckle,سگدست
Lateral Runout,دوپهنی جانبی
Leaf Spring,"فنر برگه ای، فنر شمشی، فنر تخت"
Live Axle,"اکسل محرک، اکسل چرخان"
Load,"بار، نیرو"
Load Carrying Capacity,"ظرفیت حمل بار، ظرفیت باربری"
Longitudinal Force,نیروی طولی
Macpherson Strut,مک فرسون استرات (کمک فنر جلو)
Macpherson Strut Suspension,تعلیق مک فرسون استرات
Maintenance,نگهداری (سرویس و تنظیم)
Maintenance Manual,کتاب سرویس و نگهداری
Modification,"اصلاح، تغییر"
Multileaf Spring,فنر چند برگی
Non Pneumatic Spare,زاپاس تو پر
Nut,مهره
Off Rod Tire,"تایر برای مسیرهای خارج از جاده اصلی، تایر راه سازی"
Offset,انحراف
Oil Damper,ضربه گیر روغنی
Oscillation,نوسان
Out Of Round,"غیر استوانه ای، غیر مدور، غیر مستدیر"
Overall Height,"ارتفاع کل، ارتفاع سراسری، ارتفاع خارجی"
OverAll Length,"طول کل، طول سراسری، طول خارجی"
Overall Width,"عرض کل، عرض سراسری، عرض خارجی"
Parking Brake,ترمز دستی
Passenger Compartment,"اتاق، قسمت مسافر، کابین سرنشین"
Patent,"حق امتیاز، حق ثبت نوآوری، حق ثبت اختراع"
Pattern,مدل الگو
Pivot,"پاشنه، محور چرخش، لولا"
Pivot Shaft,میل طبق
Ply (Of Tire),"لایه، لایی (تایر چرخ)"
Pneumatic,"بادی، پنوماتیک، نیوماتیک، کمپرسی، با هوای فشرده"
Pneumatic Brake,ترمز بادی
Pressure Reducing Valve,شیر فشار شکن
Pressure Reliefe Valve,سوپاپ اطمینان فشار
Pressurizing Valve,"سوپاپ کنترل فشار، شیر تنظیم فشار"
Puncture,پنچر
Puncture Sealing Tire,تایر ضد پنچری
Radial Runout,دو پهنی شعاعی
Radial Tire,تایر رادیال
Ratio,نسبت
Rear Suspension,تعلیق عقب
Rear Wheel Drive Car,"خودروی چرخ عقب محرک، خودروی دیفرانسیل عقب"
Reversible,"برگشت پذیر، دو طرفه"
Roll,غلتش
Rubber,لاستیک (ماده ای طبیعی یا مصنوعی قابل کشش)
Rubber Solution,"ملاط لاستیک، محلول لاستیک"
Runout,"دوپهنی، انحراف محوری"
Safety Valve,"سوپاپ اطمینان،دریچه ی اطمینان، شیر اطمینان"
Scrub Raius,انحراف فرمان
Scrub Rib,نوار دور تایر
Seal,"درزگیر، نشت گیر، کاسه نمد"
Sealing Grooves (Of Tubeless Tire),شیارهای درزگیری (تایرهای بدون تیوب)
Sealing Material,ماده ی درزگیر
Self Adjuster,تنظیم کننده ی خودکار
Self Sealing Tire,تایر ضد پنچری
Sensor,"سنسور، حسگر"
Shackle,"گوشواره (قطعه U شکل، برای اتصال قطعاتی که نسبت به یکدیگر حرکت دارند)"
Shaft,"محور، شافت، میله"
Shake Of Steering Wheel,زدن فرمان (تکان خوردن یا لرزیدن چرخ فرمان پذیر)
Shock Absorber,"کمک فنر، ضربه گیر"
Single Leaf Spring,فنر تک برگی
Slide Joint,"مفصل لغزان، مفصل کشویی"
Snap In Valve,والو (سوپاپ) فشاری
Snow Tire,تایر گل برفی (تایر برای شرایط زمستانی)
Spare Tire,تایر زاپاس
Spindle,"میل سگدست، محور، میله، هرزگرد (تراشکاری)"
Spindle Support Rod,طبق
Spring,فنر
Spring Mounting,"پایه ی فنر، تکیه گاه فنر"
Spring Rate,ضریب فنر
Spring Retainer,بست نگهدارنده ی فنر
Spring Seat,فنر نشین
Spring Shackle,قامه ی فنر
Sprung Weight,"وزن فنر بندی شده، وزن فنر سوار"
Stabilizer Bar,میله ی موج گیر
Static Balance,بالانس استاتیکی
Steering Angle,زاویه ی فرمان
Steering Arm,شغالدست
Steering Axis,محور فرمان
Steering Column,لوله ی فرمان
Steering Gear,جعبه فرمان
Steering Knuckle,سگدست فرمان
Steering Offset,انحراف زمان
Steering Ratio,نسبت فرمان
Steering System,سیستم فرمان
Steering Wheel,"فلکه ی فرمان، غربیلک"
Stiffener,لایی تایر
Strut,استرات (نوعی کمک فنر)
Studded Tire,تایر یخ شکن (تایر گل میخ دار)
Support Bracket,پایه ی طبق
Suspension,تعلیق
Suspension Arm,طبق
Suspension Height,ارتفاع تعلیق
Suspension System,سیستم تعلیق
Sway Bar,میل موج گیر
Synthetic,"مصنوعی، ترکیبی"
Tank,"مخزن، منبع، باک، تانک"
Tie Rod,"میل فرمان، میل تعادل"
Tire,"تایر، لاستیک"
Tire Bead,لبه ی تایر (لبه ی ضخیم دیواره ی تایر که در پشت رینگ افتاده و با آن درگیر می شود)
Tire Conicity,دو پهنی تایر
Tire Iron,تایلیور
Tire Pattern,"گل تایر، طرح آج تایر، الگوی آج تایر"
Tire Rotation,"جابجا کردن تایر، گردش تایر (تعویض نوبتی محل چرخ ها)"
Tire Tread,آج تایر
Tire Valve,سوپاپ (والو) تایر
Toe In,"تقارب، همگرایی"
Toe Out,"تباعد، واگرایی"
Torsion Bar Spring,"فنر پیچشی، فنر میله پیچشی، فنر موج گیر"
Traction,کشش
Trailing Arm,میله ی پیچشی عقب
Tread Of Tire,آج تایر
Tread Wear Indicator,سایش نمای (اندیکاتور) آج تایر
Trunk,صنوق عقب
Tube,"تیوب، تویی"
Tubeless Tire,"تایر بدون تیوب (تویی)، تایر تیوب لس"
Turning Angle,زاویه ی گردش
Turning Radius,شعاع گردش
Ultrasonic,"فراصوتی، اولتراسونیک، ماوراء صوت"
Unitized Body Construction,"شاسی یکپارچه، شاسی سرخود، شاسی جدانشدنی"
Unsprung Weight,"وزن فنربندی نشده، وزن غیر فنرسوار"
Valve Core,سوزن سوپاپ (والو)
Valve Guide,راهنمای (گیت) سوپاپ
Valve Stem,"ساق سوپاپ، تنه ی سوپاپ"
Variable Damping Strut,کمک فنر ضریب متغیر
Wear Sensor,سنسور (حسگر) سایش
Wheel,"چرخ، رینگ"
Wheel Aligner,دستگاه میزان چرخ
Wheel Alignment,"میزان کردن چرخ، تنظیمات چرخ"
Wheel Balancer,دستگاه بالانس چرخ
Wheel Base,فاصله ی دو محور چرخ
Wheel Cover,"قالپاق، پوشش چرخ"
Wheel Weight,وزنه ی بالانس چرخ